en,zh,k_en,k_zh,k_min,cos_BGE-EN-large_vs_BGE-ZH-large,cos_BGE-M3-EN_vs_BGE-M3-ZH
trainer,經授權導師,8,2,2,-0.1061,0.6841
paid sickness days,有薪病假日,3,4,3,-0.0788,0.7494
retransmit,再傳送,2,8,2,-0.0708,0.6207
anniversary,周年日,8,8,8,-0.0692,0.7243
on-exchange,場內交易,2,2,2,-0.0677,0.4575
Receiver,破產管理署署長,8,8,8,-0.0664,0.5071
chargee,承押記人,8,8,8,-0.066,0.661
tow,拖曳,8,8,8,-0.0657,0.6563
crew,空勤人員,8,3,3,-0.0638,0.6709
recycler,循環再造者,2,2,2,-0.0616,0.5573
pharmaceutical,藥劑製品,8,8,8,-0.0609,0.7437
impounding,鎖押費,8,5,5,-0.0591,0.6895
laboratory,檢驗所,8,8,8,-0.0578,0.6004
recall,召回,8,8,8,-0.0576,0.5039
register,登記,8,8,8,-0.0572,0.6702
in good working order,良好操作狀態,8,8,8,-0.0554,0.6787
resumed,復開,8,6,6,-0.0553,0.4901
stoppage,途中停運權,8,6,6,-0.0547,0.5557
wireless,有線或無線的方式,8,2,2,-0.0547,0.4101
manufacturer,製造商的保證,8,4,4,-0.0545,0.6257
continuous,連續性,8,8,8,-0.0543,0.7149
circuit,集成電路,8,8,8,-0.0541,0.6458
radiocommunications,無線電通訊器具,8,8,8,-0.0533,0.7118
driving licence,駕駛執照,8,8,8,-0.0528,0.7549
reflecting,反射鏡,8,2,2,-0.0528,0.3789
contra,對銷項目,2,2,2,-0.0527,0.6434
on-line,聯機,5,6,5,-0.0516,0.6228
fractional,不足一股股份的證明書,4,2,2,-0.0515,0.6284
impound,沒收,8,8,8,-0.0514,0.7087
decal,移劃印花,2,2,2,-0.0514,0.7391
carelessly,不小心駕駛,8,2,2,-0.0512,0.6173
stress-testing,壓力測試,3,8,3,-0.0512,0.6067
controller,控制人,8,8,8,-0.0511,0.6455
expiry date,屆滿日期,8,8,8,-0.0511,0.6907
lease,租賃,8,8,8,-0.0507,0.682
recording,記錄,8,8,8,-0.0504,0.6663
flight,潛逃,8,8,8,-0.05,0.5392
retrieve,檢索,8,8,8,-0.0499,0.6596
operator,操作員,8,8,8,-0.0498,0.6333
integration,整合,3,7,3,-0.0494,0.7098
intoxicated,神智不清的人,2,2,2,-0.0492,0.7483
specimen signature,簽名樣本,4,3,3,-0.0482,0.8386
end-user,最終使用者,8,8,8,-0.0482,0.5987
indicia,標誌,3,8,3,-0.048,0.5948
mock,假拍賣,3,2,2,-0.0479,0.6177
slot,時段,8,8,8,-0.0477,0.642
market,市場,8,8,8,-0.0475,0.6672
idle,引擎空轉,2,8,2,-0.0475,0.3799
transmission,傳送,8,8,8,-0.047,0.7228
retrieval,檢索,8,8,8,-0.0466,0.5844
bus,私家巴士,8,8,8,-0.0465,0.7101
electronic transaction,電子交易,8,8,8,-0.0464,0.6725
loco parentis,身居父母地位,5,2,2,-0.0464,0.529
freight,運費,8,8,8,-0.0463,0.6911
consume,口服產品,8,2,2,-0.0459,0.669
expiration,有效期屆滿,8,8,8,-0.0454,0.6768
pharmacist,註冊藥劑師,8,8,8,-0.0451,0.8094
conductor,足球投注舉辦商,8,8,8,-0.045,0.5228
unlicensed,未領牌車輛,8,2,2,-0.045,0.7182
charterparty,租用合約,2,3,2,-0.0449,0.5907
expire,屆滿,8,8,8,-0.0447,0.6745
driving,危險駕駛引致他人死亡,8,4,4,-0.0447,0.569
electronic,電子形式,8,8,8,-0.0447,0.6226
empower,賦權,8,8,8,-0.0446,0.5692
co-surety,共同擔保人,2,2,2,-0.0445,0.422
informant,申報人,8,4,4,-0.0444,0.5737
electrical,註冊電業工程人員,8,8,8,-0.0441,0.7401
Drug Influence Recognition Observation,識認藥物影響觀測,2,2,2,-0.044,0.6793
deregister,撤銷註冊,8,8,8,-0.0439,0.7107
hotel,酒店牌照,8,4,4,-0.0438,0.669
manufacture,製造牌照,8,6,6,-0.0436,0.6215
book,登記冊,8,8,8,-0.0435,0.6732
successive,接續,8,8,8,-0.0433,0.5488
resumption,收回,8,8,8,-0.0427,0.5056
traffic,航空交通管制,8,3,3,-0.0427,0.6397
off-exchange,場外交易,3,2,2,-0.0426,0.5803
self-regulation,自律,2,4,2,-0.0425,0.5128
notional,假定,8,8,8,-0.0424,0.4894
cost-effectiveness,成本效益,6,5,5,-0.0423,0.6829
working order,操作狀態,8,8,8,-0.0423,0.6627
futures,期貨,8,8,8,-0.0422,0.498
malfunction,機能失常,8,5,5,-0.0419,0.6433
horizon,流動性期限,8,3,3,-0.0414,0.4954
non-smoking,非吸煙區,2,2,2,-0.0413,0.745
expiry,屆滿,8,8,8,-0.0412,0.7363
strand,擱淺,4,8,4,-0.0411,0.5959
escort,押送,8,8,8,-0.0409,0.7231
roadworthy,宜於道路上使用,8,8,8,-0.0405,0.686
punish,處罰,8,8,8,-0.0401,0.6868
non-performance,不履行,7,8,7,-0.0397,0.6061
heavy,重型貨車,8,8,8,-0.0397,0.6475
revolving,循環式包銷融通,8,4,4,-0.0396,0.5517
consignor,付貨人,8,8,8,-0.0393,0.5246
in its name,以其名義,8,8,8,-0.0393,0.5768
swap contract,掉期合約,8,8,8,-0.0392,0.6852
encryption,加密技術,2,2,2,-0.0391,0.6434
gallery,記者席,8,2,2,-0.0391,0.5892
staffing,人手,8,8,8,-0.0391,0.5816
negative,否定,8,8,8,-0.039,0.5356
distributable,可分派利潤,8,4,4,-0.039,0.5928
track,過往紀錄,8,6,6,-0.039,0.5609
per se,本身,8,8,8,-0.0389,0.6724
continued,持續失責,8,8,8,-0.0386,0.6044
watercraft,船艇,2,8,2,-0.0385,0.642
death,死亡,8,8,8,-0.0384,0.6575
exchange,交換,8,8,8,-0.0384,0.6247
in concert with,聯同,3,8,3,-0.0384,0.513
produce,出示,8,8,8,-0.0383,0.566
record,紀錄,8,8,8,-0.0383,0.7185
vessel,船隻,8,8,8,-0.0383,0.7789
benefit,利益,8,8,8,-0.0381,0.638
pro rata,按比例,8,8,8,-0.0378,0.5664
odour,難聞氣味,5,2,2,-0.0378,0.4652
taximeter,的士計程錶,8,8,8,-0.0377,0.6875
substituted,代替假日,8,7,7,-0.0377,0.5638
taxi,車隊的士,8,8,8,-0.0376,0.5525
release,發放,8,8,8,-0.0375,0.6153
diem clausit extremum,去世債務人財產官方扣押令狀,2,2,2,-0.0373,0.6326
tag,適當繳費貼,8,3,3,-0.0372,0.5656
Marine Police Base,水警基地,2,2,2,-0.037,0.5599
forge,假冒,5,8,5,-0.0368,0.5395
proprietary,所有權,8,8,8,-0.0368,0.6785
swap,掉期息率,8,8,8,-0.0367,0.6101
unlimited,無限,8,8,8,-0.0365,0.7188
broadcasting,廣播,8,8,8,-0.0365,0.6976
fare,認可車費,8,3,3,-0.0365,0.6337
employed,受僱大律師,8,5,5,-0.0365,0.5726
selectively,選擇性,2,2,2,-0.0362,0.7545
defend,抗辯,8,8,8,-0.0359,0.7151
deliverable state,可交付狀態,3,5,3,-0.0359,0.6554
in force,繼續有效,8,8,8,-0.0359,0.5614
on record,予以記錄,8,8,8,-0.0359,0.6405
serial,編號,8,8,8,-0.0359,0.6541
portable,手提設備,8,5,5,-0.0359,0.7181
addressee,收件人,8,8,8,-0.0356,0.6378
non-distributable,不可分配儲備金,3,3,3,-0.0356,0.4578
Securities and Futures Commission,證券及期貨事務監察委員會,8,8,8,-0.0355,0.7132
hygienist,已登記的牙齒衞生員,5,3,3,-0.0355,0.6075
fixed,固定,8,8,8,-0.0354,0.6573
assistant,助手,8,8,8,-0.035,0.6496
cell,囚室,8,8,8,-0.035,0.6362
tourist,導遊牌照,8,8,8,-0.035,0.4701
temperament,健康狀況及性情,3,2,2,-0.035,0.5719
coverage,保險保障,8,7,7,-0.0348,0.5904
limit,司法管轄權限,8,5,5,-0.0347,0.5011
bonus share,紅股,8,8,8,-0.0342,0.7285
disciplinary,紀律處分程序,8,8,8,-0.0342,0.6686
unexpired,未曾屆滿,8,3,3,-0.0342,0.4808
re-adopted,再受領養,2,2,2,-0.0341,0.5118
pictorial device,圖樣,2,8,2,-0.034,0.6387
downgrade,下調,4,8,4,-0.0339,0.6916
flywheel,飛輪,2,3,2,-0.0339,0.7842
soonest,以最早發生者為準,2,3,2,-0.0339,0.5844
delivery,交付,8,8,8,-0.0338,0.701
warning,警告通知書,8,3,3,-0.0338,0.5734
sublease,分租租約,7,2,2,-0.0337,0.6185
deliver up,交出,8,8,8,-0.0337,0.6716
re-engage,再次聘用,5,8,5,-0.0337,0.5036
on a limited basis,在有限度的基準上,3,3,3,-0.0336,0.5194
left-hand,非左軚車輛,8,4,4,-0.0336,0.6677
stopping place,車隊的士停車處,8,8,8,-0.0336,0.7668
log-book,工作日誌,8,8,8,-0.0335,0.6948
undercharged,少徵收,8,7,7,-0.0335,0.6574
luggage,《1974年海上運輸旅客及其行李雅典公約》,8,2,2,-0.0334,0.5325
password,通行密碼,8,8,8,-0.0334,0.6433
digital,數碼,8,8,8,-0.0332,0.6581
exportation,輸出,8,8,8,-0.033,0.6975
insurable,可保權益,8,8,8,-0.033,0.8114
display,展示,8,8,8,-0.0328,0.6807
different,有重大分別,8,2,2,-0.0328,0.5298
seizure,扣押,8,8,8,-0.0327,0.5836
deficit,赤字,8,2,2,-0.0327,0.4789
broadcast,廣播,8,8,8,-0.0326,0.7295
re-appointment,再委任,8,5,5,-0.0324,0.6861
telegraphic transfer,電匯,3,3,3,-0.0322,0.5126
confine,隔離拘禁,8,7,7,-0.0322,0.587
in-patient,住院病人,8,8,8,-0.0322,0.6675
capable,精神上有能力行事,8,3,3,-0.032,0.5322
start,開始計算,8,8,8,-0.032,0.6679
autrefois acquit,曾就同一罪行獲裁定無罪,2,2,2,-0.0319,0.7203
capability,充足財政能力,8,3,3,-0.0319,0.4907
gate,票閘、欄障或旋轉柵閘,8,4,4,-0.0319,0.7112
peripheral,周邊,4,8,4,-0.0319,0.7161
securities,證券,8,8,8,-0.0318,0.6565
unrestricted,不受限制,8,8,8,-0.0318,0.6053
meddle,竄改,2,8,2,-0.0318,0.45
non-use,沒有使用,6,8,6,-0.0317,0.6801
equip,裝備,8,8,8,-0.0317,0.6069
forgiveness,免除,2,8,2,-0.0317,0.4692
approved,認可格式,8,8,8,-0.0316,0.6772
breath,呼氣測試中心,8,4,4,-0.0316,0.6341
detail,細節,8,8,8,-0.0316,0.6094
continuity,連貫性,8,8,8,-0.0314,0.5019
licensing,發出牌照,8,8,8,-0.0313,0.6788
television,電視直播聯繫,8,7,7,-0.0313,0.6487
communication,通訊,8,8,8,-0.0312,0.795
enforcer,執行人,4,8,4,-0.0312,0.4679
fleet,車隊的士,8,8,8,-0.0311,0.7257
promoter,發起人,8,8,8,-0.0308,0.646
self,免使自己入罪的特權,7,2,2,-0.0308,0.488
implicit,暗示,2,8,2,-0.0307,0.5674
send,發送,8,8,8,-0.0307,0.7016
abide by,堅持,8,8,8,-0.0305,0.5079
licensee,持牌人,8,8,8,-0.0305,0.7708
retention,保留,8,8,8,-0.0305,0.6629
polling,投票站,8,8,8,-0.0305,0.7328
northbound,北向通,4,2,2,-0.0305,0.646
recoverable,可討回,8,2,2,-0.0304,0.5469
sub-underwriting,分包銷,2,7,2,-0.0304,0.6954
partnership,合夥關係,8,3,3,-0.0303,0.6217
end,終止,8,8,8,-0.0302,0.6461
methodology,估值模式或方法,8,2,2,-0.03,0.4895
pre-condition,先決條件,5,8,5,-0.03,0.5403
data,保障資料原則,8,8,8,-0.0299,0.7174
syndic,經理人,2,8,2,-0.0299,0.4914
expend,耗用,8,8,8,-0.0299,0.6002
honorary,榮譽學位,8,8,8,-0.0299,0.5752
instalment,分期,8,8,8,-0.0299,0.6316
completion,完成,8,8,8,-0.0298,0.6234
rentcharge,租費,3,4,3,-0.0298,0.5977
secrecy provision,保密規定,8,3,3,-0.0297,0.7282
articulated,掛接式車輛,8,8,8,-0.0297,0.6353
stated in,述明,8,8,8,-0.0296,0.4545
ejectable,彈射式,2,2,2,-0.0295,0.4522
avail,借助,8,8,8,-0.0293,0.5926
fundamental,基本,6,8,6,-0.0293,0.549
terminal,末期,8,8,8,-0.0292,0.5527
signal of distress,遇險訊號,4,8,4,-0.0291,0.6316
performer,表演者的權利,8,8,8,-0.0291,0.5769
seaworthy,適航,7,8,7,-0.0291,0.7102
monaural,單耳聽力損失,2,2,2,-0.0291,0.5485
ensure,確保,8,8,8,-0.029,0.7149
transferable,可轉讓,8,8,8,-0.0288,0.7635
voluntarily,自發地,8,2,2,-0.0286,0.5331
back,回程,8,5,5,-0.0284,0.6032
unsecured,無保證,8,8,8,-0.0284,0.5849
apparatus,無線電通訊器具,8,8,8,-0.0283,0.6354
clinic,診療所,8,8,8,-0.0282,0.7052
generate,產生,8,8,8,-0.0282,0.5499
expressway,快速公路,8,8,8,-0.0282,0.8107
registered,已登記,8,8,8,-0.0281,0.5981
transit,運送,8,8,8,-0.0281,0.6897
midwife,註冊助產士,8,8,8,-0.0281,0.662
statement,報表,8,8,8,-0.0279,0.5584
certification,核證,8,8,8,-0.0279,0.6103
hyperlink,超連結,8,8,8,-0.0279,0.5905
subsector,界別分組,8,8,8,-0.0279,0.675
payout,付款,2,8,2,-0.0279,0.7232
radio,無線電波,8,8,8,-0.0278,0.7308
vulnerability,保安漏洞,6,3,3,-0.0278,0.5777
computation,速動資金計算表,8,3,3,-0.0278,0.5087
inter vivos,生者之間的贈予,8,3,3,-0.0276,0.6671
goods vehicle,重型貨車,8,8,8,-0.0276,0.704
recognizable,可以辨認,8,3,3,-0.0275,0.4482
export,出口,8,8,8,-0.0274,0.5898
modify,修改,8,8,8,-0.0273,0.6922
stored value,儲值支付工具,8,8,8,-0.0273,0.6316
plate,司機證,8,3,3,-0.0273,0.6526
assign,受讓人,8,8,8,-0.0272,0.6775
deregistration,撤銷註冊,8,8,8,-0.0271,0.7075
capacity,能力,8,8,8,-0.027,0.6839
electronic signature,一般電子簽署,8,8,8,-0.027,0.7093
quantum,分量,8,8,8,-0.027,0.5045
energy,註冊能源效益評核人,8,8,8,-0.027,0.6479
share,一份,8,8,8,-0.0269,0.6479
visiting,巡獄委員會,8,5,5,-0.0269,0.436
interval,相隔時間,8,8,8,-0.0268,0.6007
rate,價格,8,8,8,-0.0268,0.6792
chiropractor,脊醫,8,8,8,-0.0268,0.7296
undelivered,無法派遞,8,8,8,-0.0268,0.5701
hinged,鉸接式,8,3,3,-0.0268,0.6029
non-identifiable,非可識辨身分資料,4,4,4,-0.0267,0.8231
subset,子集,8,8,8,-0.0267,0.5985
annotated,註解,4,2,2,-0.0265,0.5025
show,展示,8,8,8,-0.0265,0.6581
permittee,持證人,8,8,8,-0.0265,0.7834
rack,全額租金,8,3,3,-0.0265,0.6144
stolen,贓物,8,7,7,-0.0265,0.6473
regulator,管理者,8,8,8,-0.0264,0.6843
learner,學習駕駛執照,8,8,8,-0.0264,0.7151
healthcare,醫護服務,8,8,8,-0.0263,0.6084
set,主辦,8,8,8,-0.0263,0.6792
providing,流通量供應,8,3,3,-0.0263,0.6033
operational,可使用,8,8,8,-0.0262,0.543
space,空域,8,8,8,-0.026,0.6914
absconder,潛逃者,2,8,2,-0.026,0.5896
securitization,證券化,8,8,8,-0.026,0.6184
manning,人手配置,8,8,8,-0.0259,0.602
publication,公布,8,8,8,-0.0259,0.6287
tour,領隊牌照,8,8,8,-0.0259,0.6205
redelivery,已可作交還,3,3,3,-0.0259,0.5566
facilities,設施,8,8,8,-0.0258,0.5161
following,緊隨,8,8,8,-0.0258,0.6563
memorial,提要,8,8,8,-0.0257,0.407
non-voting,無表決權,3,3,3,-0.0257,0.6425
publicize,公布,8,8,8,-0.0256,0.6245
urgent,迫切需要,8,5,5,-0.0256,0.6197
air consignment note,航空托運單,4,4,4,-0.0255,0.5836
lighting,照明器具,8,3,3,-0.0255,0.7752
set-off,互相抵銷,8,8,8,-0.0254,0.4595
re-registration,重新註冊,8,8,8,-0.0254,0.7956
activate,執行緩刑,8,2,2,-0.0253,0.4826
sharing,享有同等權益,8,5,5,-0.0253,0.6398
terms and conditions,條款及條件,8,8,8,-0.0253,0.8022
unmanned,小型無人機,8,8,8,-0.0253,0.6448
waste; wastage,廢料,8,8,8,-0.0252,0.6266
improvement,改良,8,8,8,-0.0252,0.6638
light bus,小型巴士,8,8,8,-0.0251,0.7353
owner,登記車主,8,8,8,-0.0251,0.661
game,博彩遊戲,8,5,5,-0.0251,0.707
stop,停止,8,8,8,-0.025,0.6479
linear,線性地遞減,8,4,4,-0.025,0.4787
attend,到場,8,8,8,-0.0249,0.6157
aircraft,飛機,8,8,8,-0.0249,0.6538
primarily,主要,8,8,8,-0.0249,0.7363
revival,恢復效力,7,6,6,-0.0248,0.6277
withdrawable,可提取央行儲備,4,3,3,-0.0248,0.6451
physical injury,身體損傷,3,3,3,-0.0245,0.723
excusable,可予寬宥,2,2,2,-0.0245,0.5468
packaged,有包裝,8,8,8,-0.0245,0.7231
unsubscribe,取消接收,6,6,6,-0.0245,0.6643
interested,有利害關係,8,8,8,-0.0244,0.5274
network,網絡營業額,8,5,5,-0.0242,0.7006
sampling,取樣點,8,2,2,-0.0242,0.3879
reduction of capital,股本減少,3,8,3,-0.0241,0.6955
gaoler,監獄看守員,4,4,4,-0.0241,0.6476
acknowledgment,確認,8,8,8,-0.024,0.5476
resist,抗辯,8,8,8,-0.024,0.6215
probability,可能性,8,8,8,-0.0239,0.6136
customs,《暫准進口海關公約》,8,3,3,-0.0239,0.634
Title Register,業權註冊紀錄,8,8,8,-0.0239,0.7637
rescheduled,經重組貸款及放款,4,2,2,-0.0239,0.5265
direct marketing,直接促銷,8,8,8,-0.0237,0.8204
harvest,地址收集,3,3,3,-0.0237,0.5534
pirate,海盜,4,8,4,-0.0237,0.7282
Stock Connect,互聯互通安排,4,2,2,-0.0237,0.6593
fidelity,盡職誓言,5,2,2,-0.0236,0.7188
leasing,租賃式融通,8,4,4,-0.0236,0.6641
reconveyance,再轉易,4,6,4,-0.0236,0.71
installation,電訊裝置,8,8,8,-0.0235,0.67
International Organization of Securities Commissions,證券委員會國際組織,2,2,2,-0.0235,0.5854
sharable,可互通資料,4,4,4,-0.0234,0.6904
duly,妥當地,8,8,8,-0.0233,0.7105
emission,放射,8,8,8,-0.0233,0.6502
unperformed,未獲履行,8,8,8,-0.0233,0.6088
Government Laboratory,政府化驗所,5,5,5,-0.0231,0.701
cash,現金,8,8,8,-0.0231,0.7086
pupillage,認可實習大律師實習,8,8,8,-0.0231,0.6286
commissioner,監誓員,8,8,8,-0.0231,0.6521
hinder,妨礙,8,8,8,-0.0231,0.67
Geneva Convention,日內瓦公約,2,3,2,-0.023,0.6892
special,特別,8,8,8,-0.023,0.7147
average,平均率,8,3,3,-0.023,0.5179
detection,發現,8,8,8,-0.023,0.6349
STCW Code,培訓規則,8,8,8,-0.023,0.6939
nursery,幼兒教育,8,6,6,-0.023,0.7824
off duty,休班,6,4,4,-0.0229,0.7486
Hong Kong Laboratory Accreditation Scheme,香港實驗所認可計劃,4,8,4,-0.0228,0.7224
obligor,義務人,8,8,8,-0.0228,0.5607
lading,提單,8,8,8,-0.0227,0.6691
ticket,彩票,8,8,8,-0.0227,0.6387
linked,相連長期業務,8,2,2,-0.0226,0.576
brief,委聘,8,8,8,-0.0225,0.5553
derivative,衍生,8,8,8,-0.0225,0.7631
underwriting,包銷協議,8,8,8,-0.0225,0.626
soliciting,兜客,8,4,4,-0.0224,0.6512
re-issue,再發出,8,6,6,-0.0223,0.633
sub-custodian,次保管人,5,6,5,-0.0223,0.5519
destroyed,遺失、遭污損或遭損毀,8,8,8,-0.0222,0.6292
draw down,提取,2,8,2,-0.0221,0.4333
surrender,交出,8,8,8,-0.0221,0.5074
number,地段編號,8,8,8,-0.0221,0.6082
database,數據庫,8,8,8,-0.022,0.6229
individually,單獨,8,8,8,-0.022,0.6578
missing,失蹤,8,8,8,-0.022,0.7305
printout,印本,8,8,8,-0.022,0.5952
associate,相聯者,8,8,8,-0.0218,0.6399
correctional services,懲教人員,8,2,2,-0.0218,0.6937
embarkation,上船,8,8,8,-0.0218,0.765
measure,措施,8,8,8,-0.0218,0.6422
passenger service,客運持證人,8,8,8,-0.0218,0.8052
swear,宣誓,8,8,8,-0.0217,0.599
by implication,默示,8,8,8,-0.0217,0.6049
disembarkation,下船,8,8,8,-0.0217,0.7686
markup,標高價,2,2,2,-0.0217,0.6716
seconder,贊同人,8,7,7,-0.0217,0.6986
forward,遠期,8,8,8,-0.0216,0.5594
overdue,逾期未付,8,3,3,-0.0216,0.461
coupon,息票,8,4,4,-0.0216,0.5473
fusion,融合,3,6,3,-0.0216,0.5057
integral,主要,8,8,8,-0.0215,0.5684
inclement,惡劣天氣警告日,8,8,8,-0.0213,0.6338
power,授權書,8,8,8,-0.0212,0.6743
further charge,再進行押記,8,6,6,-0.0212,0.7336
daily,按日計算的失責罰款,8,8,8,-0.0211,0.5783
shipper,付運人,8,8,8,-0.021,0.7301
announce,公布,8,8,8,-0.021,0.7299
resort,憑藉,8,8,8,-0.0209,0.6345
sealed,蓋印副本,8,8,8,-0.0209,0.4693
common,公共,8,8,8,-0.0208,0.5459
reversion,預期的復歸權益,8,5,5,-0.0208,0.4174
suspend,中止,8,8,8,-0.0208,0.6918
autopsy,屍體剖驗,8,8,8,-0.0208,0.7827
simultaneously,同時,8,8,8,-0.0208,0.6488
store,儲存,8,8,8,-0.0208,0.6943
effects,動產,8,8,8,-0.0207,0.4795
unpaid,股份的未繳款額,8,4,4,-0.0207,0.6163
dispatch,派遣,8,8,8,-0.0206,0.6795
inhibition,制止令,5,5,5,-0.0205,0.6671
repo-style transaction,回購形式交易,8,8,8,-0.0205,0.7591
alternate director,候補董事,8,5,5,-0.0204,0.52
ipso facto,因此事實,5,6,5,-0.0204,0.4797
assure,保證,4,8,4,-0.0204,0.5898
hire,出租,8,8,8,-0.0203,0.5299
anchorage,碇泊費,8,2,2,-0.0203,0.529
observe,遵守,8,8,8,-0.0202,0.6887
in conjunction with,連同,8,8,8,-0.0201,0.5668
precise,確切位置,8,2,2,-0.0201,0.4371
redirect,轉遞,2,8,2,-0.0201,0.5705
with reference to,並述明,8,8,8,-0.0201,0.5442
denoting,表示,8,8,8,-0.02,0.5981
materially,有重大分別,8,2,2,-0.02,0.5981
print,印刷品,8,8,8,-0.02,0.7376
hiring agreement,分期付款協議,6,2,2,-0.02,0.6087
survivorship,尚存,4,8,4,-0.0199,0.4049
evaluation,評核,8,8,8,-0.0199,0.6896
evict,逐出,8,8,8,-0.0199,0.6808
nutrition,營養聲稱,6,3,3,-0.0199,0.6269
signal,訊號,8,8,8,-0.0198,0.8001
revision,修改,8,8,8,-0.0198,0.6894
overriding,凌駕,8,8,8,-0.0197,0.7305
inward,移交入境手令,6,3,3,-0.0197,0.5773
incomplete,不完整,8,8,8,-0.0197,0.6828
select,揀選,8,8,8,-0.0197,0.6218
factoring,應收帳融通,6,5,5,-0.0197,0.6427
asset,資產,8,8,8,-0.0196,0.6039
subscription,簽署,8,8,8,-0.0196,0.7025
increment,增薪,8,8,8,-0.0196,0.793
local,地方主管當局,8,2,2,-0.0196,0.6332
pilotage,領港服務,8,8,8,-0.0195,0.5325
unearned,未滿期保費,2,2,2,-0.0195,0.3775
afresh,重新,8,8,8,-0.0194,0.5439
reversal,不認罪,8,8,8,-0.0194,0.6347
contract,合同,8,8,8,-0.0193,0.7351
isolate,隔離,8,8,8,-0.0193,0.613
underway,在航,8,8,8,-0.0193,0.7075
condemned,宣告不合格,8,8,8,-0.0192,0.7244
conferencing,視像會議,8,8,8,-0.0192,0.736
out-patient,門診,6,6,6,-0.0192,0.6489
technology,推播技術,8,2,2,-0.0192,0.6256
exhibit,證物,8,8,8,-0.0191,0.5077
withdrawal,退出,8,8,8,-0.0191,0.6729
proximity,接近,8,8,8,-0.019,0.6639
compartment,隔間,8,8,8,-0.019,0.6739
careful,合格而謹慎的駕駛人,8,3,3,-0.0189,0.5957
registrable,可登記,8,8,8,-0.0188,0.6764
service,郵遞送達,8,8,8,-0.0188,0.6219
referral,提交,8,8,8,-0.0188,0.6115
defence,抗辯,8,8,8,-0.0187,0.6162
preservative,准許防腐劑,8,2,2,-0.0187,0.6936
legible,可閱讀,8,8,8,-0.0186,0.7439
infanticide,殺嬰,5,6,5,-0.0186,0.7491
transmittee,承傳人,8,8,8,-0.0186,0.6412
compressor,空氣壓縮機,8,8,8,-0.0186,0.7294
course,運作,8,8,8,-0.0185,0.6897
day,天,8,8,8,-0.0185,0.5791
future interest,未來權益,2,3,2,-0.0185,0.5385
sustain,維持,8,8,8,-0.0185,0.5903
telecommunications,電訊人員,8,2,2,-0.0185,0.6833
undisturbed,不受干擾,8,8,8,-0.0185,0.6184
main,主要,8,8,8,-0.0184,0.69
distribution,分派,8,8,8,-0.0184,0.6877
narcotics,毒品,3,8,3,-0.0184,0.7563
sequentially,先後,2,8,2,-0.0184,0.6584
overhead,經營成本,8,8,8,-0.0184,0.6874
electricity,市電,8,8,8,-0.0184,0.6923
design,外觀設計,8,8,8,-0.0183,0.5741
bail-in,內部財務重整條文,8,8,8,-0.0183,0.6607
sponsor,保薦人,8,4,4,-0.0183,0.6212
wantonly,胡亂,2,2,2,-0.0183,0.6789
enumeration,計算,3,8,3,-0.0183,0.5637
calculated,旨在,8,8,8,-0.0182,0.6656
identity,身分,8,8,8,-0.0182,0.7231
fire safety,消防安全風險評估,8,3,3,-0.0182,0.7189
rated,額定速度,8,7,7,-0.0182,0.461
support,沒有足夠生計維持生活,8,4,4,-0.0182,0.5285
deficient,不足,8,8,8,-0.0181,0.5276
postponement,延遲,8,8,8,-0.0181,0.6029
interchange,電子數據交換,8,2,2,-0.0181,0.5202
pain,刑罰,8,8,8,-0.018,0.5734
minimum,最低資本要求,8,8,8,-0.018,0.6172
player,博彩者,8,2,2,-0.018,0.6156
website,網站,8,8,8,-0.018,0.5815
information,信息,8,8,8,-0.0179,0.689
accomplish,履行,3,8,3,-0.0179,0.4892
follow-up,較大嬰兒及幼兒配方產品,8,8,8,-0.0179,0.7176
secondment,借調,8,8,8,-0.0179,0.6498
non-local,非本地經營,8,2,2,-0.0178,0.7294
revised,修改,8,8,8,-0.0178,0.6304
law enforcement agency,執法機構,8,6,6,-0.0177,0.6363
instruction,委託,8,8,8,-0.0176,0.6139
supply of goods,供應貨品,8,8,8,-0.0176,0.8184
aerodrome,機場,8,8,8,-0.0176,0.6912
waybill,空運提單,8,8,8,-0.0176,0.6126
duces tecum,着令攜帶文件出庭,8,8,8,-0.0176,0.5607
negate,否定,8,8,8,-0.0175,0.5288
immunity,豁免,8,8,8,-0.0174,0.5639
receiving,收養國,8,4,4,-0.0174,0.5389
reissue,重新發出,8,8,8,-0.0173,0.7259
robust,堅固,8,8,8,-0.0173,0.4553
kindergarten,幼稚園教育,8,8,8,-0.0173,0.7847
dental,已登記的牙齒衞生員,8,3,3,-0.0173,0.6351
conduct,處理,8,8,8,-0.0172,0.6592
employ,僱用,8,8,8,-0.0172,0.7899
restraint,限制,8,8,8,-0.0172,0.609
accruing,累算欠,8,8,8,-0.0172,0.5756
continuation,延續,8,8,8,-0.0172,0.6772
during,在正常辦公時間內,8,8,8,-0.0172,0.6003
LPF Register,基金登記冊,8,8,8,-0.0172,0.6773
in concert,一致行動,5,2,2,-0.0172,0.519
useful,有用的宗旨,8,2,2,-0.0172,0.7091
strict,嚴格,8,8,8,-0.017,0.7473
last known,最後所知,8,8,8,-0.017,0.6736
sell,出售,8,8,8,-0.017,0.7951
weekday,周日,6,8,6,-0.017,0.6735
winter,冬季開庭期,8,3,3,-0.017,0.6328
demerit,缺點,2,8,2,-0.0169,0.5493
still-born,非活產,6,8,6,-0.0169,0.678
telex,電傳,8,8,8,-0.0169,0.7501
in posse,可能存在,8,8,8,-0.0168,0.6056
all,一切應盡努力,8,2,2,-0.0168,0.5658
compute,計算,7,8,7,-0.0168,0.6076
revaluation,價值重估,8,8,8,-0.0168,0.6578
begin,開展任何法律程序,8,4,4,-0.0167,0.4427
mis-statement,錯誤陳述,8,8,8,-0.0167,0.6473
captive,專屬自保保險人,8,8,8,-0.0167,0.703
Tenants Purchase Scheme,租者置其屋計劃,5,5,5,-0.0166,0.7115
charge,押記,8,8,8,-0.0166,0.5936
invitation,邀請,8,8,8,-0.0166,0.67
expectation,期待,8,2,2,-0.0165,0.541
notification,通知書,8,8,8,-0.0165,0.6581
amusement game centre,遊戲機中心,8,8,8,-0.0165,0.8101
repatriation,送返,8,7,7,-0.0165,0.6945
deferred,合資格延期年金保單,8,3,3,-0.0165,0.6025
Electrical and Mechanical Services Department,機電工程署,8,8,8,-0.0165,0.7423
hand,交付,8,8,8,-0.0164,0.7457
symbol,識別符號,8,2,2,-0.0164,0.5977
captivity,關禁,8,8,8,-0.0163,0.7117
charge-holder,受押人,2,3,2,-0.0163,0.6724
vouch,擔保,2,8,2,-0.0162,0.4058
disposer,處置者,5,8,5,-0.0162,0.5893
medical,醫療護理,8,8,8,-0.0162,0.5978
reassign,再轉讓,8,8,8,-0.0162,0.5317
backed,擔保,8,8,8,-0.0162,0.5308
inter se,相互之間,8,4,4,-0.0161,0.5713
carriage,海上貨物運輸,8,7,7,-0.0161,0.7474
broadcaster,廣播業者,8,8,8,-0.0161,0.6649
hovercraft,氣墊船,8,8,8,-0.0161,0.7635
interbank,銀行同業,6,8,6,-0.016,0.688
care,小心,8,8,8,-0.0159,0.6149
in transitu,途中停運權,7,6,6,-0.0159,0.7826
regular,有規律地,8,2,2,-0.0159,0.5187
staying,禁止逗留區,8,8,8,-0.0159,0.5925
contest,爭議,8,8,8,-0.0158,0.5638
formulation,擬定方式,8,5,5,-0.0158,0.5939
uncapitalised,未化作本金的利息,2,2,2,-0.0158,0.7633
idiosyncratic,異常特殊的事件,4,2,2,-0.0157,0.4838
out of possession,不再管有,5,6,5,-0.0156,0.6281
delinquency,拖欠比率,5,2,2,-0.0155,0.6033
productivity,生產能力水平,8,6,6,-0.0155,0.5968
wire,電傳轉帳,8,3,3,-0.0155,0.6293
established,已制定,8,8,8,-0.0154,0.5764
retraining,再培訓津貼,8,8,8,-0.0154,0.6929
transition,過渡期,8,8,8,-0.0154,0.6237
audible,可聽到及可看到,8,2,2,-0.0154,0.6112
fixation,錄製權,8,8,8,-0.0153,0.7208
pawning,非法當押,3,2,2,-0.0153,0.4467
hand over,交出,8,8,8,-0.0152,0.5753
personal,人身,8,8,8,-0.0152,0.6338
commodity,商品,8,8,8,-0.0152,0.5914
substitutability,可取代性,2,2,2,-0.0152,0.512
deliberate,故意,8,8,8,-0.0151,0.4751
signalling,示意,8,8,8,-0.0151,0.6252
ordre public,公共秩序,8,8,8,-0.0151,0.5098
pledgee,承押人,2,3,2,-0.0149,0.669
non-assignable,不可轉讓,3,8,3,-0.0149,0.5973
realization,變現,8,8,8,-0.0148,0.472
distributor,分銷商,8,8,8,-0.0148,0.6185
adopter,領養人,8,8,8,-0.0147,0.6738
assignee,受讓人,8,8,8,-0.0147,0.6187
through bill of lading,全程提單,8,8,8,-0.0147,0.7241
notifiable interest,須具報權益,5,5,5,-0.0146,0.6381
disobey,不遵從,2,8,2,-0.0146,0.6187
session,審訊期,8,7,7,-0.0145,0.5882
indeterminate,無限期刑罰,8,6,6,-0.0145,0.7036
supplier,供應人,8,8,8,-0.0145,0.674
about to,即將,8,8,8,-0.0145,0.6382
navigation,航行,8,8,8,-0.0144,0.7772
Official Receiver,破產管理署署長,8,8,8,-0.0144,0.6256
engagement,協定,8,8,8,-0.0144,0.6632
registrant,登記人,8,8,8,-0.0144,0.6613
undeliverable,無法派遞,4,8,4,-0.0144,0.6741
reserved,儲備商品,8,8,8,-0.0144,0.5834
exclusive,專有,8,8,8,-0.0143,0.4757
forename,名字,8,8,8,-0.0143,0.6972
notation,註明,7,8,7,-0.0143,0.5989
hold,保持,8,8,8,-0.0142,0.6934
interment,安放權,8,8,8,-0.0142,0.6717
turnstile,票閘、欄障或旋轉柵閘,5,4,4,-0.0142,0.6616
short title,簡稱,8,8,8,-0.0141,0.6445
persistence,持續存在,2,8,2,-0.0141,0.5402
trading,內幕交易,8,8,8,-0.014,0.6232
drawing,繪圖,8,8,8,-0.014,0.6665
commissioner for oaths,監誓員,8,8,8,-0.0139,0.6516
marshall,執行官,4,4,4,-0.0139,0.3865
accident,意外事故,8,5,5,-0.0139,0.703
marketing,銷售,8,8,8,-0.0139,0.7074
one-off,單次,7,8,7,-0.0139,0.7424
pool,參照組合,8,2,2,-0.0139,0.5681
signer,簽署人,8,8,8,-0.0139,0.6703
open-ended,開放式集體投資計劃,8,2,2,-0.0139,0.6343
tranched,分份額,8,8,8,-0.0139,0.6742
domestic,住宅用,8,8,8,-0.0138,0.741
issuer,發出人,8,8,8,-0.0138,0.6518
infringing copies,侵犯版權複製品,8,8,8,-0.0138,0.7288
cessation,不再存在,8,8,8,-0.0138,0.6088
interception,截取,8,8,8,-0.0138,0.5888
sea-going,海域航行船舶,8,8,8,-0.0138,0.6315
facility,融通,8,8,8,-0.0137,0.6155
relator,促訟人,6,6,6,-0.0137,0.6206
summon,傳訊,8,8,8,-0.0137,0.5665
repurchase,購回,8,8,8,-0.0137,0.7066
unvalued,不定值保單,8,8,8,-0.0137,0.7381
production,提交令,8,8,8,-0.0136,0.5046
conspicuous,顯眼處,8,8,8,-0.0136,0.8194
distressed,遇險的人,8,8,8,-0.0136,0.4833
behalf,利益,8,8,8,-0.0135,0.7216
counting station,主要點票站,8,3,3,-0.0135,0.734
corpus,主體,8,8,8,-0.0134,0.4723
master policy,總保單,4,3,3,-0.0134,0.6185
certificated,持有證書,8,3,3,-0.0134,0.7142
cite,引稱,5,8,5,-0.0134,0.5226
Register of Appeals,上訴登記冊,3,3,3,-0.0134,0.7095
travelling,交通費,8,8,8,-0.0134,0.6386
master policy of insurance,總保險單,2,3,2,-0.0133,0.7054
variance,矛盾,8,8,8,-0.0133,0.5389
depreciated,折舊價值,8,2,2,-0.0133,0.4852
inventive,創造性,6,3,3,-0.0133,0.8002
subscriber,登記人,8,8,8,-0.0133,0.6791
probationership,見習課程,2,2,2,-0.0132,0.3421
committal,因犯藐視法庭罪而被交付羈押,8,5,5,-0.0132,0.4908
berth,泊位,8,8,8,-0.0132,0.7137
drill,演習,8,8,8,-0.0132,0.7489
water,水域,8,8,8,-0.0132,0.7377
commute,減輕,8,8,8,-0.0131,0.5342
post office,流動郵政局,8,3,3,-0.0131,0.6223
proper,適當地顧及,8,5,5,-0.013,0.7057
overdraft,透支,8,8,8,-0.013,0.7062
intrusion,侵入,3,8,3,-0.0129,0.6307
investment,投資,8,8,8,-0.0129,0.6781
inefficiency,效率欠佳,7,7,7,-0.0129,0.5335
booking,協定預約費用,8,6,6,-0.0129,0.7218
retain,保留,8,8,8,-0.0128,0.7053
blasting,礦場燃爆證書,8,5,5,-0.0128,0.6397
safe,安全,8,8,8,-0.0127,0.765
aeronautical,《國際航空和海上搜尋救助手冊》,8,2,2,-0.0127,0.5906
consumption,耗用,8,8,8,-0.0127,0.583
commodity-related derivative contract,商品關聯衍生工具合約,8,8,8,-0.0126,0.7939
uphold,維持,8,8,8,-0.0126,0.4321
architectural,建築師團體,8,3,3,-0.0126,0.6536
trainee,實習律師合約,8,8,8,-0.0126,0.6856
assignable,轉讓,8,8,8,-0.0125,0.6389
foster,寄養父母,8,2,2,-0.0125,0.5911
medicine,醫療,8,8,8,-0.0125,0.6478
same,相同類別,8,7,7,-0.0125,0.6593
proportionally,按比例上調,8,3,3,-0.0125,0.5514
again,恢復可持續經營,8,3,3,-0.0124,0.6296
time-rate,計時工資率,2,2,2,-0.0124,0.639
quality control,項目質素監控審視,8,4,4,-0.0124,0.7094
missing person,失蹤者,8,4,4,-0.0123,0.7987
competently,稱職地,8,8,8,-0.0123,0.7574
monitor,監察,8,8,8,-0.0123,0.6743
definition,界定,8,8,8,-0.0122,0.703
ex gratia,特惠款項,8,6,6,-0.0122,0.5022
propulsion,驅動,8,8,8,-0.0122,0.7803
cancel,取消,8,8,8,-0.0121,0.6762
inventory,存貨,8,8,8,-0.0121,0.6913
addiction,戒毒所,8,8,8,-0.0121,0.6156
continue,繼續有效,8,8,8,-0.0121,0.5842
first-mentioned,首述,8,8,8,-0.0121,0.6687
machine,木工機器,8,8,8,-0.0121,0.6931
first,表面,8,8,8,-0.012,0.5869
sub-licence,再授特許,8,8,8,-0.012,0.6057
connect,連接,8,8,8,-0.012,0.7625
renew,續期,8,8,8,-0.012,0.7083
discipline,紀律,8,8,8,-0.0119,0.746
incremental,增值,8,8,8,-0.0119,0.6591
electronic record,電子紀錄,8,8,8,-0.0118,0.7726
emergency,緊急情況,8,8,8,-0.0118,0.7346
gaming house,賭場,2,5,2,-0.0118,0.5555
enforceability,可執行性,8,2,2,-0.0118,0.4928
keeper,管理人,8,8,8,-0.0118,0.7126
stipulations,約定條件,8,8,8,-0.0118,0.64
gift,贈與,8,2,2,-0.0117,0.5513
pupil,見習大律師,8,7,7,-0.0117,0.6433
single,個別,8,8,8,-0.0117,0.505
admonish,訓誡,8,8,8,-0.0117,0.6792
fixed-pitch,固定攤位小販牌照,8,8,8,-0.0117,0.6427
prepaid,預繳,8,4,4,-0.0117,0.7192
empirical,實證,2,8,2,-0.0117,0.4129
practising,執業證書,8,8,8,-0.0116,0.7056
habeas corpus ad testificandum,解交被拘押者到庭作證令狀,2,2,2,-0.0115,0.6555
familiar,熟知,8,3,3,-0.0115,0.4762
Futures Exchange Company,期交所,8,8,8,-0.0114,0.6742
maintenance,保養,8,8,8,-0.0113,0.7927
change,改變,8,8,8,-0.0113,0.7855
disembark,離開船舶,8,8,8,-0.0113,0.6691
open to,向公眾開放辦公,8,5,5,-0.0113,0.5907
tie,密切聯繫,2,8,2,-0.0113,0.4684
caution,謹慎,8,8,8,-0.0112,0.7228
make available,提供予公眾查閱,8,8,8,-0.0112,0.6907
business,事務,8,8,8,-0.0111,0.6567
Secretary for Justice,律政司司長,8,8,8,-0.0111,0.6034
hoist,懸掛,8,8,8,-0.0111,0.6781
intern,實習學員,8,2,2,-0.0111,0.5273
weathertight,風雨密,8,8,8,-0.0111,0.7146
deadline,寬免期限,8,3,3,-0.0111,0.6154
basis,基礎,8,8,8,-0.011,0.6745
term,任期,8,8,8,-0.011,0.6813
shipping,商船公告,8,8,8,-0.011,0.6722
mine,礦場燃爆證書,8,5,5,-0.011,0.6367
catastrophe,人壽巨災風險,8,2,2,-0.011,0.6184
subscribe,簽署,8,8,8,-0.0109,0.6209
covering,暫保單,8,5,5,-0.0109,0.6729
signature,簽名,8,8,8,-0.0108,0.7029
continuously,連續,8,8,8,-0.0108,0.6656
duty-paid,已完稅貨品,8,8,8,-0.0108,0.7349
formulate,制訂,8,8,8,-0.0108,0.5648
periodical,按期付款,8,8,8,-0.0108,0.4912
transmit,傳轉,8,8,8,-0.0107,0.7256
ability,才能,8,8,8,-0.0107,0.5975
close out,平倉,4,8,4,-0.0106,0.5672
grace period,寬限期,8,8,8,-0.0106,0.4884
index,索引,8,8,8,-0.0106,0.6687
servant,政府人員,8,8,8,-0.0106,0.6855
zone,點票區,8,8,8,-0.0106,0.5322
forwarder,代運人,7,4,4,-0.0106,0.6265
group-wide,集團層面,2,3,2,-0.0106,0.642
operate,操作,8,8,8,-0.0105,0.6569
funder,出資第三者,5,7,5,-0.0105,0.7647
crypto,加密資產,2,8,2,-0.0105,0.5933
minor,未成年人,8,8,8,-0.0104,0.7198
represent,代表,8,8,8,-0.0104,0.5092
ozone,《1985年保護臭氧層維也納公約》,8,2,2,-0.0104,0.5573
pack,消費裝,8,7,7,-0.0104,0.6177
late,遲付,8,2,2,-0.0103,0.5981
at liberty,隨意,8,8,8,-0.0103,0.5669
bonus,花紅,8,8,8,-0.0103,0.6465
extinction,終絕,8,8,8,-0.0103,0.6213
initiative,主動,8,8,8,-0.0103,0.6012
selection,產生,8,8,8,-0.0103,0.5097
commencement date,開始日期,8,8,8,-0.0102,0.7068
prohibited,被禁,8,8,8,-0.0102,0.7561
International Commission on Illumination,國際照明委員會,2,2,2,-0.0102,0.6877
actuate,被顯明的惡意所驅動,3,4,3,-0.0102,0.4195
attending,沒有出席,8,8,8,-0.0102,0.5753
determine,終止,8,8,8,-0.0102,0.7001
journey,旅程,8,8,8,-0.0102,0.7902
non-legible,不可閱,8,4,4,-0.0102,0.6
sound,狀況良好,8,8,8,-0.0102,0.5542
vocational,職業康復,8,2,2,-0.0102,0.5821
at will,隨意,8,8,8,-0.0101,0.5679
return,利潤,8,8,8,-0.0101,0.6041
functionary,受薪政府人員,8,8,8,-0.0101,0.5029
prospects,前景,8,5,5,-0.0101,0.6167
liquor,令人醺醉的酒類,8,8,8,-0.0101,0.7268
list,清單,8,8,8,-0.01,0.6208
automated,自動化方法,8,8,8,-0.01,0.6709
deliverable,可交付狀態,8,5,5,-0.01,0.741
promptly,隨即,8,8,8,-0.01,0.6214
hawker,固定攤位小販牌照,8,8,8,-0.01,0.652
unmodified,無改動示範單位,3,3,3,-0.01,0.529
unissued,未發行股份,8,8,8,-0.01,0.6631
medical opinion,醫學意見,2,4,2,-0.0099,0.5818
bet,投注,8,8,8,-0.0099,0.7934
habeas corpus ad respondendum,解交被拘押者到庭答辯令狀,2,2,2,-0.0098,0.6702
apprehend,意恐,8,6,6,-0.0098,0.7009
forensic,司法,8,8,8,-0.0098,0.5935
insurance,保險,8,8,8,-0.0098,0.7775
voting,投票,8,8,8,-0.0098,0.7067
refrain,避免,8,8,8,-0.0098,0.6624
viscosity,黏度,8,8,8,-0.0098,0.7479
has the capacity to,有行為能力,7,8,7,-0.0098,0.4778
abridgement,削減,8,8,8,-0.0097,0.5507
affiliate,有聯繫者,8,8,8,-0.0097,0.5414
rebuilding,重建免稅額,8,2,2,-0.0097,0.4968
held,被羈押,8,8,8,-0.0097,0.728
boothless,無亭收費隧道,8,8,8,-0.0097,0.6664
charterer,承租人,8,8,8,-0.0096,0.6471
endorse,註明,8,8,8,-0.0096,0.5577
conception,受孕,4,4,4,-0.0096,0.6585
margining,追繳保證金,3,8,3,-0.0096,0.5698
stage,分階段,8,7,7,-0.0096,0.5911
wholesale,批發銷售,8,3,3,-0.0096,0.5715
predetermined,預定,8,8,8,-0.0096,0.5857
physiotherapist,註冊物理治療師,8,5,5,-0.0096,0.7466
address,地址,8,8,8,-0.0095,0.7808
freezing,凍結,8,8,8,-0.0095,0.7203
intimidate,恐嚇,2,8,2,-0.0095,0.6667
positive,積極,8,8,8,-0.0095,0.5056
promise,承諾,8,8,8,-0.0095,0.6554
die,印模,8,8,8,-0.0095,0.7054
message,訊息,8,8,8,-0.0095,0.7867
usher,裁判法院的傳達員,4,3,3,-0.0095,0.6104
vulnerable,易受傷害證人,6,2,2,-0.0095,0.4709
re-appointed,再度受聘任職,8,8,8,-0.0095,0.5175
solo,按單獨基礎,8,8,8,-0.0095,0.7335
room,噴塗室,8,7,7,-0.0095,0.6859
remunerated,受薪,8,8,8,-0.0094,0.6743
unpaid seller,未獲付款的賣方,6,6,6,-0.0094,0.7455
demonetization,停止通用,2,2,2,-0.0094,0.6085
in question,存有疑問,8,8,8,-0.0094,0.5267
merchandise,商用飛機,8,2,2,-0.0094,0.6924
recklessly,罔顧後果地,8,8,8,-0.0094,0.4997
turn,依次序,8,2,2,-0.0094,0.5917
quotation,報價,4,8,4,-0.0093,0.6396
vacation,休假,8,8,8,-0.0093,0.6255
convene,召開,8,8,8,-0.0093,0.5019
non voting,無表決權,2,3,2,-0.0093,0.7116
periodic,定期,8,8,8,-0.0093,0.5557
sender,傳送人,8,5,5,-0.0093,0.6709
label,噪音標籤,8,8,8,-0.0093,0.5525
aggrieved,感到受屈,8,8,8,-0.0092,0.6881
practising certificate,執業證書,8,8,8,-0.0092,0.7409
equal,平等,8,8,8,-0.0091,0.7224
operable,可使用,8,8,8,-0.0091,0.5704
prepaid letter,預付郵資的信件,3,7,3,-0.0091,0.6787
piracy,海盜行為,8,5,5,-0.0091,0.7899
submit,呈述,8,8,8,-0.0091,0.6018
submitted,妥為送交,8,8,8,-0.0091,0.6161
moving,活動視覺影像,8,3,3,-0.0091,0.6737
defray,支付,8,8,8,-0.009,0.5521
syllabus,範圍綱要,8,5,5,-0.009,0.7171
premiums,合資格年金保費,8,7,7,-0.009,0.459
exculpate,辯白,2,2,2,-0.0089,0.4929
computing,計算方法,8,8,8,-0.0089,0.6504
emit,排放,8,8,8,-0.0089,0.7395
gaming,博彩,7,8,7,-0.0089,0.6472
co-ownership,共有權,3,4,3,-0.0088,0.676
put,認沽權,8,2,2,-0.0088,0.5219
centre,羈留中心,8,8,8,-0.0088,0.6679
drawn,支取,8,8,8,-0.0088,0.5983
school,職前訓練學校,8,4,4,-0.0088,0.6665
shadow,幕後董事,8,8,8,-0.0088,0.6072
in effect,效力相同,8,8,8,-0.0088,0.6048
with the intention,意圖,8,8,8,-0.0088,0.6529
disapplication,改變效力公告,8,8,8,-0.0088,0.7303
incident,事件,8,8,8,-0.0087,0.6349
letter,信件,8,8,8,-0.0087,0.7215
care home,院舍,8,8,8,-0.0087,0.7139
grant,批予,8,8,8,-0.0086,0.7305
oath,宣誓,8,8,8,-0.0086,0.673
aviation,《國際民用航空公約》,8,2,2,-0.0086,0.6972
deal,交易,8,8,8,-0.0086,0.6207
run,隨土地轉移,8,4,4,-0.0086,0.5876
with intent to,意圖欺騙,8,8,8,-0.0086,0.7306
apprehension,拘捕,8,8,8,-0.0085,0.7854
lift,升降機,8,8,8,-0.0085,0.6895
franchisor,專營權授予者,3,3,3,-0.0085,0.4899
impartation,傳遞,2,8,2,-0.0085,0.4812
terminate,終止,8,8,8,-0.0084,0.7106
risk assessment,消防安全風險評估,8,3,3,-0.0084,0.7368
wharf,貨運碼頭,8,8,8,-0.0084,0.5728
become,即告懸空,8,7,7,-0.0084,0.5865
mixture,物質混合物,8,2,2,-0.0083,0.5458
supervise,督導,8,8,8,-0.0083,0.7719
sub-listing,分銷放盤代理,3,3,3,-0.0083,0.5688
resolvability,處置可行性覆檢審裁處,8,8,8,-0.0083,0.6074
in the public interest,為公眾利益起見,8,3,3,-0.0082,0.5594
maiden surname,婚前姓氏,6,5,5,-0.0082,0.7583
technologist,註冊醫務化驗師,8,4,4,-0.0082,0.6684
opportunity,平等機會,8,8,8,-0.0081,0.6336
visibility,能見度低,8,5,5,-0.0081,0.6897
quantification,截算日,5,4,4,-0.0081,0.5844
therapist,註冊職業治療師,8,5,5,-0.0081,0.7453
dissemination,散布,8,7,7,-0.008,0.7483
fide; fides,信用,8,8,8,-0.008,0.523
parking,停車位,8,8,8,-0.008,0.7235
direct,直接,8,8,8,-0.0079,0.7388
open,公開,8,8,8,-0.0079,0.6672
fugitive,逃犯,8,8,8,-0.0079,0.5763
re-employ,重新僱用,5,8,5,-0.0079,0.6805
conclusive,不可推翻,8,8,8,-0.0078,0.5674
chemist,政府化驗師,8,8,8,-0.0078,0.672
command,指揮,8,8,8,-0.0078,0.7631
denote,用數字表明,4,2,2,-0.0078,0.5056
intermittently,間歇,3,8,3,-0.0078,0.6113
aural,現場聲藝表演,7,6,6,-0.0078,0.6474
clawback,扣除額,6,8,6,-0.0077,0.5767
individual,個人,8,8,8,-0.0077,0.7538
affix,加蓋,8,8,8,-0.0077,0.6129
multi-unit,多單位建築物,3,3,3,-0.0077,0.4648
surcharge,附加費,8,8,8,-0.0076,0.6503
extension,延長時限,8,8,8,-0.0076,0.5621
temporarily,暫不在場,8,3,3,-0.0076,0.6082
convey,轉易,8,8,8,-0.0075,0.6208
disciplinary action,紀律制裁,8,8,8,-0.0075,0.6717
replacement cost,重置成本,8,8,8,-0.0075,0.5687
existing,現有權利,8,3,3,-0.0075,0.6406
Adopted Children Register,領養子女登記冊,8,8,8,-0.0075,0.7396
casualty,災害事故,8,8,8,-0.0075,0.5515
massage establishment,按摩院,8,8,8,-0.0075,0.7473
pay out,支出,8,8,8,-0.0075,0.6144
receptacle,壓力氣體容器,8,8,8,-0.0075,0.6239
eligible,具有資格,8,8,8,-0.0074,0.7462
dealer,交易商,8,8,8,-0.0073,0.7644
adapt,改裝,8,8,8,-0.0073,0.7414
confidentiality,保密,8,8,8,-0.0072,0.6073
experience,職業方面的經驗,8,4,4,-0.0072,0.5071
instance,自行,8,8,8,-0.0072,0.6083
licensed,持牌,8,8,8,-0.007,0.6005
rectification,修復,8,8,8,-0.007,0.6178
tanker,化學品液貨船,8,8,8,-0.007,0.6677
salvage,《1989年國際救助公約》,8,2,2,-0.007,0.4951
infancy,未成年,3,8,3,-0.007,0.5159
logo,標識,8,8,8,-0.007,0.7325
type,類別,8,8,8,-0.007,0.7894
internship,實習,8,8,8,-0.007,0.7409
dynamically,動力承托的航行器,8,8,8,-0.007,0.6469
Convention on Temporary Admission,暫准進口公約,3,3,3,-0.0069,0.5946
cargo,貨物,8,8,8,-0.0069,0.8043
re-entry,重回,8,2,2,-0.0069,0.6902
re-export,轉口,8,8,8,-0.0069,0.756
encumbrance,產權負擔,8,8,8,-0.0069,0.4954
gangway,過道,8,8,8,-0.0069,0.6925
guard,防止,8,8,8,-0.0069,0.6188
hunting,獵捕,8,5,5,-0.0069,0.7284
temporary,一時,8,8,8,-0.0068,0.7348
allocate,編配,8,8,8,-0.0068,0.6341
attribution,虛假署名,8,5,5,-0.0068,0.6253
present,在場,8,8,8,-0.0068,0.5955
arrived at,得出,8,8,8,-0.0068,0.4607
declaration,宣告,8,8,8,-0.0067,0.5845
by law,在法律上,8,8,8,-0.0067,0.6966
hiring,出租,8,8,8,-0.0067,0.5757
solely,純粹,8,8,8,-0.0067,0.6478
ro-ro,滾裝客船,7,8,7,-0.0067,0.5793
continuance,持續有效,8,8,8,-0.0066,0.6624
net,淨值,8,8,8,-0.0066,0.5741
ex-officio,當然議員,8,8,8,-0.0066,0.5542
RME course,風險管理課程,3,3,3,-0.0066,0.6445
managerial,管理職能,8,8,8,-0.0066,0.6531
abuse,濫用,8,8,8,-0.0065,0.7024
validity,有效性,8,8,8,-0.0065,0.7345
alternate,候補,8,8,8,-0.0065,0.4979
facilitator,促進人,7,8,7,-0.0065,0.7069
pronouncement,宣布,8,8,8,-0.0065,0.613
sketch,素描,8,5,5,-0.0065,0.6456
property,物業,8,8,8,-0.0064,0.7039
recourse,借助,8,8,8,-0.0064,0.6031
risk,風險,8,8,8,-0.0064,0.6822
rural,鄉郊地區,8,8,8,-0.0064,0.6026
withdraw,撤回,8,8,8,-0.0063,0.6259
conversant,熟悉,7,8,7,-0.0063,0.6801
determined,已釐定的每年的地價分期付款,8,4,4,-0.0063,0.6362
flag,國旗,8,8,8,-0.0063,0.6513
impede,妨礙,8,8,8,-0.0063,0.6766
non-economic,非經濟權利,2,2,2,-0.0063,0.7679
Red Cross,紅十字國際委員會,8,4,4,-0.0063,0.6835
arrival,到港證,8,3,3,-0.0062,0.5829
bear,附有,8,8,8,-0.0062,0.6329
carelessness,不小心,6,8,6,-0.0062,0.5295
roadworthiness,車輛宜於道路上使用證明書,4,3,3,-0.0062,0.7939
observable,公眾觀察到,8,3,3,-0.0062,0.5845
absolutely,完全,8,8,8,-0.0061,0.6325
automatic,自動,8,8,8,-0.0061,0.7883
reserve,保留,8,8,8,-0.0061,0.6382
marking,標記,8,8,8,-0.0061,0.7945
poison,施用毒藥,8,6,6,-0.0061,0.6794
supplement,增補,8,8,8,-0.0061,0.6497
pre-arranged,預定行程,8,8,8,-0.0061,0.7495
recovery,收回,8,8,8,-0.006,0.6167
subcontractor,分包商,8,4,4,-0.006,0.6383
capitalize,將利潤資本化,3,2,2,-0.006,0.6703
correspondence,通信,8,8,8,-0.006,0.6918
rely,依據,8,8,8,-0.006,0.6978
restaurant,水上食肆,8,8,8,-0.006,0.7016
unnecessarily,不必要地,8,8,8,-0.006,0.6644
withstand,承受,8,8,8,-0.006,0.5537
fluctuation,承受風險波動的能力,7,2,2,-0.006,0.5741
satisfactorily,充分證明,8,8,8,-0.006,0.5588
appreciation,增值,8,8,8,-0.0059,0.5861
nomination,提名,8,8,8,-0.0059,0.6074
reveal,公開,8,8,8,-0.0059,0.5719
charter,租用合約,8,3,3,-0.0058,0.5889
garnishee,第三債務人,8,8,8,-0.0058,0.455
objective,宗旨,8,8,8,-0.0058,0.5351
disagreement,異議,6,8,6,-0.0058,0.5612
in fact,事實上,8,8,8,-0.0058,0.5312
manager,管理人,8,8,8,-0.0058,0.577
North-west Transit Service Area,西北鐵路服務範圍,8,8,8,-0.0058,0.7471
manuscript,手稿,8,8,8,-0.0057,0.7811
reliance,依賴,8,8,8,-0.0057,0.4392
surgeon,獸醫,8,8,8,-0.0057,0.7557
subvented,補助機構,8,2,2,-0.0057,0.6064
obligatory,強制性,8,8,8,-0.0056,0.6278
reciprocal,互惠,8,8,8,-0.0056,0.7103
minimize,盡量減少,8,8,8,-0.0056,0.6706
minute,紀錄,8,8,8,-0.0056,0.6531
tong,堂,8,8,8,-0.0056,0.6098
trade-related,貿易關聯或有項目,4,4,4,-0.0056,0.7765
pound,動物羈留所費用,8,2,2,-0.0056,0.5526
subdelegate,再轉授該職能,8,5,5,-0.0056,0.7178
censure,責備,8,4,4,-0.0055,0.4112
policy,保單,8,8,8,-0.0055,0.6146
embody,體現,4,8,4,-0.0055,0.5254
works,工程設施,8,8,8,-0.0055,0.6943
imprudent,輕率,2,8,2,-0.0054,0.7271
modification,修改,8,8,8,-0.0054,0.6744
seller,賣方,8,8,8,-0.0054,0.6623
candidate,候選人,8,8,8,-0.0054,0.6794
postal,郵政服務,8,4,4,-0.0054,0.781
publish,發布,8,8,8,-0.0054,0.7948
seaworthiness,適航性,8,8,8,-0.0054,0.7771
acknowledge,確認,8,8,8,-0.0053,0.6662
advertisement,宣傳品,8,8,8,-0.0053,0.6592
effluxion,期滿,8,8,8,-0.0053,0.6356
contracting,締約國,8,8,8,-0.0053,0.5912
load,載重線,8,8,8,-0.0053,0.6214
donor,授權人,8,8,8,-0.0053,0.4771
unweighed,未秤載量,3,3,3,-0.0053,0.8015
dramatic,戲劇作品,8,8,8,-0.0052,0.6558
expedition,盡快,8,8,8,-0.0052,0.4859
fraudulently,以欺詐手段,8,8,8,-0.0052,0.611
Merchant Shipping Notice,商船公告,8,8,8,-0.0052,0.7139
non-delivery,無法派遞,4,8,4,-0.0052,0.6722
out of time,逾期,8,8,8,-0.0051,0.6465
re-enter,重回,8,2,2,-0.0051,0.7465
triplicate,一式三份,8,8,8,-0.0051,0.7069
classification,分類,8,8,8,-0.0051,0.6286
explanatory,說明陳述,8,2,2,-0.0051,0.5887
involved,涉及,8,8,8,-0.0051,0.7058
company,公司,8,8,8,-0.005,0.7908
outworker,外發工,4,4,4,-0.005,0.7671
practice,實務,8,8,8,-0.005,0.698
participant,參與者,8,8,8,-0.005,0.6793
participating,參加,8,8,8,-0.005,0.6953
precaution,一切合理預防措施,8,8,8,-0.005,0.6908
troopship,軍隊運輸艦,4,8,4,-0.005,0.6775
salaried,受薪僱員,8,2,2,-0.005,0.5739
benchmark,基準收費,2,2,2,-0.005,0.734
motion,意願,8,8,8,-0.0049,0.6842
tout,兜攬,4,3,3,-0.0049,0.6567
in person,自辯,8,3,3,-0.0048,0.5054
receipt,收到,8,8,8,-0.0048,0.6912
recognized,承認,8,8,8,-0.0048,0.6906
rent,租金,8,8,8,-0.0048,0.6402
binaural,雙耳聽力損失,2,2,2,-0.0048,0.5918
Unified Exchange,聯合交易所,5,8,5,-0.0048,0.6751
listen,監聽,8,2,2,-0.0048,0.6891
inaccuracy,不準確之處,8,8,8,-0.0047,0.5736
postage,郵資,8,8,8,-0.0047,0.7692
state of the art,現有技術,5,5,5,-0.0047,0.8108
regulatees,受規管者,7,8,7,-0.0047,0.6169
Lloyd,勞合社,8,8,8,-0.0047,0.6285
preference,優惠,8,8,8,-0.0046,0.5878
cycle,經濟周期,8,8,8,-0.0046,0.6514
joint venture,聯營者,8,2,2,-0.0046,0.7134
propel,以電力驅動,3,5,3,-0.0046,0.4743
borrower,借款人,8,8,8,-0.0045,0.7476
Customs and Excise warehouse,海關保稅倉,4,4,4,-0.0045,0.713
pass,轉移,8,8,8,-0.0045,0.5945
offensive,令人反感,8,8,8,-0.0045,0.7328
trade,交易,8,8,8,-0.0044,0.5409
remark,論述,3,8,3,-0.0044,0.618
Single Convention on Narcotic Drugs,麻醉品單一公約,3,3,3,-0.0043,0.6414
lender,貸款人,8,8,8,-0.0043,0.6483
marginal note,旁註,2,2,2,-0.0043,0.5547
loiter,遊蕩,8,8,8,-0.0043,0.699
dentistry,合資格牙醫學位,8,4,4,-0.0043,0.71
determination,終止租賃,8,5,5,-0.0042,0.5598
let,出租,8,8,8,-0.0042,0.6851
schedule,一覽表,8,8,8,-0.0042,0.7451
as soon as,盡快,8,8,8,-0.0042,0.7818
vibration,震動,8,8,8,-0.0042,0.6952
bag,塑膠購物袋,8,8,8,-0.0041,0.7026
extract,摘錄,8,8,8,-0.0041,0.7393
periodicals,期刊,8,8,8,-0.0041,0.638
repayable,發還,8,8,8,-0.0041,0.6378
terms of issue,發行條款,5,8,5,-0.0041,0.7201
deferment,延遲,8,8,8,-0.0041,0.7215
Convention on Psychotropic Substances,精神藥物公約,3,5,3,-0.004,0.6866
addition,加稱,8,7,7,-0.0039,0.6283
high seas,公海,6,8,6,-0.0039,0.682
hirer,租用人,8,8,8,-0.0039,0.639
returns,總收益,8,8,8,-0.0039,0.6217
discharge,撤銷,8,8,8,-0.0038,0.6643
discontinuation date,中止日期,6,6,6,-0.0038,0.6033
subpoena duces tecum,着令攜帶文件出庭的傳召出庭令狀,8,6,6,-0.0037,0.5879
execute,執行,8,8,8,-0.0036,0.6094
loan,貸款,8,8,8,-0.0036,0.682
compilation,編製,8,8,8,-0.0036,0.6005
instead of,取代,8,8,8,-0.0036,0.5393
except,另外,8,8,8,-0.0035,0.6416
foster parent,養父母,2,8,2,-0.0035,0.5818
price,價格,8,8,8,-0.0035,0.7221
negligible,微不足道,8,8,8,-0.0035,0.7738
resupply,重新供應,3,3,3,-0.0035,0.7131
avoid,避免,8,8,8,-0.0034,0.7625
interest,利息,8,8,8,-0.0034,0.5736
rainstorm,暴雨警告,8,8,8,-0.0034,0.8086
with a view to,以期,8,8,8,-0.0034,0.539
station,地球站,8,8,8,-0.0033,0.7359
accumulated,累積虧損,8,7,7,-0.0033,0.6886
recreational,康體,8,8,8,-0.0033,0.6831
initiation,提出檢控,8,8,8,-0.0033,0.5091
re-domiciliation,遷冊證明書,8,8,8,-0.0033,0.5041
accrue,形成,8,8,8,-0.0032,0.5476
deponent,宣誓人,8,8,8,-0.0032,0.6943
foreclose,止贖,3,8,3,-0.0032,0.6333
supplementary,增補,8,8,8,-0.0032,0.6716
vice versa,反之亦然,8,3,3,-0.0032,0.5308
convenience,作方便參考之用,8,2,2,-0.0032,0.5776
efficient,性能良好,8,8,8,-0.0032,0.7562
mode,方式,8,8,8,-0.0032,0.5886
supervised,受監管人,8,8,8,-0.0032,0.7063
alight,登上或離開,8,8,8,-0.0032,0.7657
mitigate,寬減,8,8,8,-0.0031,0.5299
nutrient,營養素表,8,7,7,-0.0031,0.7763
reinsurer,再保險人,8,8,8,-0.0031,0.7007
undistributable,不可分派的儲備,2,2,2,-0.0031,0.6898
Postmaster,郵政署署長,8,8,8,-0.0031,0.6246
Companies Register,公司登記冊,8,8,8,-0.003,0.6391
haircut,扣減,8,8,8,-0.003,0.4841
random,隨機,8,8,8,-0.003,0.6128
relocation,遷移,3,8,3,-0.003,0.6973
part-time,全職或非全職,8,8,8,-0.003,0.6175
quit,遷出,8,8,8,-0.0029,0.6652
search,搜查,8,8,8,-0.0029,0.7315
total,完全,8,8,8,-0.0029,0.7242
regulated,管制,8,8,8,-0.0029,0.7195
woodwork,木工機器,4,8,4,-0.0029,0.6334
documented,完備文件記錄,8,2,2,-0.0029,0.5459
under-lease,分租租契,3,6,3,-0.0028,0.5845
munitions,軍火,5,8,5,-0.0028,0.7243
reinvest,再投資,2,8,2,-0.0028,0.6237
sector,金融界,8,4,4,-0.0028,0.6561
obliteration,刪改,8,2,2,-0.0027,0.4859
private,私人,8,8,8,-0.0027,0.6367
erection,架設,8,8,8,-0.0027,0.7544
amount,款額,8,8,8,-0.0026,0.7963
apparel,衣物及寢具,8,2,2,-0.0026,0.6711
finish,裝修物料,7,8,7,-0.0026,0.6018
adoptability,是否可受領養,2,2,2,-0.0025,0.4288
certified copy,核證文本,8,8,8,-0.0025,0.7368
reliability,可靠性,8,8,8,-0.0025,0.7531
related corporation,有連繫法團,8,8,8,-0.0024,0.7564
permanently,永久地,8,8,8,-0.0024,0.6555
whenever,凡有,8,8,8,-0.0024,0.4967
distributable profit,可分派利潤,5,4,4,-0.0023,0.7584
name,別名,8,8,8,-0.0023,0.7238
incumbrancer,產權負擔持有人,2,6,2,-0.0023,0.4254
lose,遺失,8,8,8,-0.0023,0.667
police officer,警務人員,8,8,8,-0.0023,0.7702
sub-lessee,分租承租人,8,6,6,-0.0023,0.7148
illicit,非法,8,8,8,-0.0022,0.6126
reference,提述,8,8,8,-0.0022,0.739
first past the post,“得票最多者當選”投票制,8,8,8,-0.0022,0.699
rely on,依據,8,8,8,-0.0021,0.7274
gamete,配子,5,8,5,-0.0021,0.6773
proposer,提名人,8,8,8,-0.0021,0.7605
in good repair,維修妥善,8,8,8,-0.0021,0.6995
suspended,執行緩刑,8,2,2,-0.0021,0.6323
hedge,對沖,8,8,8,-0.0021,0.6375
borrow,借入,8,8,8,-0.002,0.763
sea,海上貨物運輸,8,7,7,-0.0019,0.6718
effectually,有效,8,8,8,-0.0019,0.5191
occurrence,事故,8,8,8,-0.0019,0.6675
scan,經掃瞄電子簽署,2,8,2,-0.0019,0.4397
faith,誠信,8,8,8,-0.0018,0.6307
recorder,特委法官,8,8,8,-0.0018,0.7247
reward,報酬,8,8,8,-0.0018,0.6932
timeliness,適時性,2,2,2,-0.0018,0.5058
airline,航空公司,8,8,8,-0.0018,0.8006
remains,人類遺骸,8,8,8,-0.0018,0.5443
underlying,基本,8,8,8,-0.0017,0.5883
take effect,有效,8,8,8,-0.0017,0.5544
confiscate,充公,2,8,2,-0.0017,0.7046
extended,延長限期,8,8,8,-0.0017,0.6073
unexpended,未動用結餘,3,3,3,-0.0017,0.5562
amortization,攤還,8,8,8,-0.0016,0.5743
negotiation,商議,8,8,8,-0.0016,0.6229
show flat,示範單位,8,8,8,-0.0016,0.7228
air,航空托運單,8,4,4,-0.0016,0.7123
Secretary-General of the United Nations,聯合國秘書長,2,2,2,-0.0016,0.6927
ignorance,不知情,8,8,8,-0.0016,0.621
joint-stock,合股公司,7,8,7,-0.0016,0.7875
reimburse,償還,8,8,8,-0.0016,0.6175
obedience,遵照,8,8,8,-0.0016,0.6202
expressly,明文,8,8,8,-0.0015,0.6162
intermediary,中介人,8,8,8,-0.0015,0.7485
of right,權利,8,8,8,-0.0015,0.6643
sublet,分租,8,8,8,-0.0015,0.5543
civil war,內戰,6,6,6,-0.0015,0.627
effluent,流出物,8,8,8,-0.0015,0.7062
bailor,委託保管人,8,7,7,-0.0014,0.66
multiple,多重,8,5,5,-0.0014,0.6972
office,職位,8,8,8,-0.0014,0.7226
shareholding,股份持有,8,8,8,-0.0014,0.7059
Defaulter Report,違紀者報告,8,8,8,-0.0014,0.7448
efficiency,效率,8,8,8,-0.0014,0.6447
e-waste,電器廢物,7,7,7,-0.0014,0.7081
interchangeably,相互交替使用,2,2,2,-0.0014,0.5698
servicer,服務者,2,8,2,-0.0014,0.5415
adopted,被領養,8,8,8,-0.0013,0.554
delay,拖延,8,8,8,-0.0013,0.6441
disposition,產權處置,8,8,8,-0.0013,0.688
mercantile agent,商業代理人,8,8,8,-0.0013,0.7441
chargor,押記人,4,8,4,-0.0013,0.6152
situate,位於,8,8,8,-0.0013,0.606
continuing,持續,8,8,8,-0.0012,0.7031
mode of trial,審訊的方式,8,3,3,-0.0012,0.6327
instructing,發出指示的律師,8,5,5,-0.0012,0.6314
intoxicating liquor,令人醺醉的酒類,8,8,8,-0.0012,0.8035
restraining,限制令,8,8,8,-0.0012,0.645
commission,佣金,8,8,8,-0.0011,0.703
sequestrator,暫時扣押人,8,8,8,-0.0011,0.63
collector,預定收集者,8,2,2,-0.0011,0.5213
compile,編彙,8,5,5,-0.0011,0.5422
loss-absorbing,吸收虧損能力,8,8,8,-0.0011,0.7028
insured,受保,8,8,8,-0.001,0.7513
member,住戶成員,8,4,4,-0.001,0.6966
audiometric,聽力測量試驗,3,2,2,-0.001,0.5778
hostilities,敵對行為,8,5,5,-0.001,0.6514
subject matter,對象事宜,8,5,5,-0.001,0.5362
misuse,不當使用,8,8,8,-0.0009,0.6237
code,守則,8,8,8,-0.0008,0.7908
interruption,中斷,8,8,8,-0.0008,0.7415
black rainstorm warning,黑色暴雨警告,8,8,8,-0.0008,0.8201
come,出庭,8,8,8,-0.0008,0.6158
Government Rent Roll,地租登記冊,8,8,8,-0.0008,0.7043
reduction,扣減,8,8,8,-0.0008,0.6394
sequence,先後次序,8,8,8,-0.0008,0.7318
company service,信託或公司服務業務,8,8,8,-0.0008,0.7993
flow,現金流,8,8,8,-0.0008,0.657
funded party,受資助方,3,4,3,-0.0008,0.735
poll,投票,8,8,8,-0.0007,0.6597
turpitude,卑劣行為,3,3,3,-0.0007,0.6612
pollution,污染損害,8,8,8,-0.0007,0.7353
damaged,破損,8,8,8,-0.0007,0.7203
depend,未審決,8,3,3,-0.0007,0.5398
prompt,即時行動,8,3,3,-0.0007,0.5606
in obedience to,遵照,8,8,8,-0.0006,0.577
maintain,供養,8,8,8,-0.0006,0.6082
microfilm,微縮膠片,8,6,6,-0.0006,0.6352
film,電影檢查監督,8,2,2,-0.0006,0.6302
examine,訊問,8,8,8,-0.0005,0.6901
defaulted,違責,8,8,8,-0.0005,0.5782
disease,精神病,8,8,8,-0.0005,0.6841
wrong-way,一般錯向風險,6,3,3,-0.0005,0.6333
according,依法,8,8,8,-0.0005,0.6197
lawful,合法,8,8,8,-0.0004,0.7815
contingency,或有事件,8,7,7,-0.0004,0.6173
dentist,註冊牙醫,8,8,8,-0.0004,0.7885
adjusted liabilities,經調整負債,2,2,2,-0.0003,0.7364
protection,保護,8,8,8,-0.0003,0.7804
wear and tear,損耗,8,8,8,-0.0003,0.5213
airship,飛船,6,3,3,-0.0003,0.6334
canvassing,禁止拉票區,8,8,8,-0.0003,0.6219
defeasible,可予廢除,6,4,4,-0.0003,0.4852
Government Printer,政府印務局,8,8,8,-0.0003,0.7934
later,兩者以較後者為準,8,8,8,-0.0003,0.7466
steal,偷竊,4,8,4,-0.0003,0.711
storage,貯存,8,8,8,-0.0003,0.7651
ships,軍用船舶,8,5,5,-0.0003,0.7502
metal,貴金屬及寶石業務,8,8,8,-0.0003,0.5855
insurer,保險人,8,8,8,-0.0002,0.7262
option,期權,8,8,8,-0.0002,0.6696
without recourse,無追索權,5,4,4,-0.0002,0.6561
countersign,加簽,8,8,8,-0.0002,0.6346
step,合理步驟,8,8,8,-0.0002,0.5433
franchised,專利巴士,8,8,8,-0.0001,0.6955
conflict,抵觸,8,8,8,-0.0001,0.5692
force majeure,不可抗力,3,3,3,-0.0001,0.7361
disabled,傷殘人士,8,8,8,-0.0001,0.6728
quote,報價,2,8,2,-0.0001,0.5252
wind up,清盤,8,8,8,-0.0001,0.6253
franchise,專營,8,8,8,-0.0,0.7014
lay-off,停工,3,8,3,0.0,0.5945
short,以短時間的通知,8,2,2,0.0,0.6691
uncertified,未經核證,8,8,8,-0.0,0.6822
visible,可見,8,8,8,0.0,0.7013
corrosive,腐蝕性物質,8,4,4,0.0,0.7233
annually,可按年續期,8,5,5,-0.0,0.5243
deceit,欺騙,3,8,3,0.0001,0.7289
gender,性別,8,8,8,0.0001,0.6271
inquiry,研訊,8,8,8,0.0001,0.6069
pawn,典當,8,2,2,0.0001,0.5126
International Electrotechnical Commission,國際電工委員會,3,4,3,0.0001,0.7665
cruelty,殘酷對待動物,8,6,6,0.0002,0.7325
due diligence,應盡的努力,8,8,8,0.0002,0.6141
preservation,保存,8,8,8,0.0002,0.7457
subsidize,津貼,2,8,2,0.0002,0.5601
informant; informer,告發人,8,8,8,0.0003,0.6479
weight,分量,8,8,8,0.0003,0.7425
at all times,一直,8,8,8,0.0003,0.5962
auxiliary,輔助設備,8,8,8,0.0003,0.6151
intimation,提示,8,8,8,0.0003,0.6509
significantly,明顯,8,8,8,0.0003,0.6059
commodity trading,商品交易顧問,8,8,8,0.0003,0.5697
disturbance,妨礙,8,8,8,0.0004,0.7073
entry,入境,8,8,8,0.0004,0.6788
cross-product,有效跨產品淨額結算協議,4,4,4,0.0004,0.7509
donatio,贈與,4,2,2,0.0005,0.4993
supporting material,佐證材料,3,3,3,0.0005,0.4644
antioxidant,抗氧化劑,8,8,8,0.0005,0.8128
diagnosis,診斷,8,8,8,0.0005,0.7504
disturb,行為紊亂,8,2,2,0.0005,0.6694
gear,用具,8,8,8,0.0005,0.619
seize,扣押,8,8,8,0.0006,0.7211
both,兩者兼備,8,5,5,0.0006,0.6204
interdiction,停職,8,8,8,0.0006,0.6964
month,整月,8,8,8,0.0006,0.7208
reclaim,索回,2,8,2,0.0006,0.6129
minority,少數,8,8,8,0.0007,0.672
pari passu,享有同等權益,6,5,5,0.0007,0.5615
connected company,有連繫公司,2,2,2,0.0007,0.6774
borrowed,被借用證券,8,3,3,0.0007,0.7689
clarification,澄清,8,8,8,0.0007,0.7116
interest-bearing,有利息的戶口,8,3,3,0.0007,0.6387
quoted,報價,8,8,8,0.0007,0.6108
provocation,激怒,2,6,2,0.0007,0.6396
alias; alias dictus,別名,7,8,7,0.0008,0.7452
transferor,出讓人,8,8,8,0.0008,0.602
alias,別名,7,8,7,0.0008,0.7452
secrecy,保密誓言,8,5,5,0.0008,0.75
General,郵政署署長,8,8,8,0.0008,0.6581
adoptive parent,領養父母,8,8,8,0.0009,0.7466
parent,父母,8,8,8,0.0009,0.6579
underlying shares,相關股份,8,8,8,0.0009,0.6771
analysis,分析或化驗,8,4,4,0.0009,0.6841
definite,限定期間,8,2,2,0.0009,0.635
hindrance,阻礙,8,8,8,0.0009,0.693
window,緊急窗口,8,2,2,0.0009,0.6996
petrol,汽油,8,8,8,0.0009,0.7543
confiscation,沒收令,8,8,8,0.001,0.6586
fax,傳真,8,8,8,0.001,0.6633
dimension,尺寸,8,8,8,0.001,0.7637
in-house,機構內部,5,7,5,0.0011,0.5552
irredeemable,不可贖回,2,3,2,0.0011,0.5646
non-application,不予運用,7,6,6,0.0011,0.5743
non-fulfilment,不履行,4,8,4,0.0011,0.5776
accreditation,評審,8,8,8,0.0012,0.6848
legal,合法,8,8,8,0.0012,0.6216
house,房屋,8,8,8,0.0012,0.65
revise,調整,8,8,8,0.0012,0.5594
diplomat,外交官,2,8,2,0.0013,0.5154
forged,假冒,8,8,8,0.0013,0.665
mark,標記,8,8,8,0.0013,0.7074
"Agriculture, Fisheries and Conservation Department",漁農自然護理署,8,8,8,0.0013,0.7024
derecognize,被撤銷確認,2,8,2,0.0013,0.5809
gale,烈風警告,8,8,8,0.0013,0.7877
inconvenience,不便,8,8,8,0.0013,0.7758
one,在任何時間,8,8,8,0.0013,0.7699
printed,合訂印本,8,2,2,0.0013,0.6754
primitive,構造簡單,8,8,8,0.0013,0.6538
adjourn,延期,8,8,8,0.0014,0.6007
default,不履行,8,8,8,0.0014,0.6666
explicit,明示,8,8,8,0.0014,0.5765
inadvertent,無心,8,8,8,0.0014,0.6258
monetizable,輕易地套現,5,2,2,0.0014,0.7064
impact,影響評估,8,8,8,0.0014,0.6211
preferential,優先,8,8,8,0.0015,0.6259
adoptive,領養父母,8,8,8,0.0015,0.7207
attesting,見證人,8,8,8,0.0015,0.7284
passport,護照,8,8,8,0.0015,0.7631
bereavement,親屬喪亡之痛,5,5,5,0.0016,0.6842
subcontract,分包合約,7,4,4,0.0016,0.7246
charging,押記令,8,8,8,0.0016,0.619
distrain,扣押,5,8,5,0.0017,0.6993
pari-mutuel,彩池投注,7,7,7,0.0017,0.8179
test,檢驗,8,8,8,0.0018,0.7907
hourly,每小時收費率,8,6,6,0.0018,0.5938
nil,免收地價,8,3,3,0.0018,0.5101
possessory,管有業權,8,7,7,0.0018,0.5606
wrecked,遇事毀壞,6,6,6,0.0018,0.6397
funds,資助金,8,8,8,0.0018,0.6242
flame,無遮蓋火焰,8,8,8,0.0018,0.7862
exercise,實行,8,8,8,0.0019,0.6828
extend,伸延,8,8,8,0.0019,0.6869
redenomination,幣值重訂,3,3,3,0.0019,0.7402
carry,附有,8,8,8,0.0019,0.7195
intermittent,斷續,8,3,3,0.0019,0.6587
wind down,縮減規模,2,2,2,0.0019,0.6833
netting,淨額結算安排,8,6,6,0.0019,0.5759
chancellor,司法官,8,2,2,0.002,0.5842
fact,因此事實,8,6,6,0.002,0.5117
bookmaker,收受賭注者,4,4,4,0.002,0.6663
expel,驅逐,5,8,5,0.002,0.7012
firearm,火器,8,8,8,0.002,0.6597
smuggling,走私,6,6,6,0.002,0.7591
orchestra,管弦樂隊升降機,2,2,2,0.002,0.6619
hearing,編定聆訊日期,8,8,8,0.0021,0.5289
liability,債務,8,8,8,0.0021,0.7207
secure,作保,8,8,8,0.0021,0.6823
outer,外層空間,8,2,2,0.0021,0.5535
contracted,立約數額,8,8,8,0.0021,0.6283
Authority,電訊管理局局長,8,2,2,0.0021,0.59
meter,聲級計,8,2,2,0.0021,0.5075
abode,居籍,8,8,8,0.0022,0.6069
insolvent,無力償債,8,8,8,0.0022,0.7348
render,作出,8,8,8,0.0022,0.6049
structured product,結構性產品,8,8,8,0.0022,0.7963
landing,層站,8,6,6,0.0022,0.5918
play,播放,8,8,8,0.0022,0.6677
tear,損耗,8,8,8,0.0022,0.5499
unexpected,突發,8,8,8,0.0022,0.6177
non-Hong Kong,非香港有限責任合夥,8,3,3,0.0022,0.5001
elsewhere,香港以外的任何地方,8,8,8,0.0022,0.685
identity card,永久性居民身分證,8,8,8,0.0023,0.6836
pursue,繼續進行,8,8,8,0.0023,0.6761
scope,權限範圍,8,5,5,0.0023,0.6351
stability,穩定,8,8,8,0.0023,0.7301
synthetic,合成持有,8,8,8,0.0023,0.5773
final,最後,8,8,8,0.0024,0.6315
set aside,作廢,8,8,8,0.0024,0.6521
correction,改正,8,8,8,0.0024,0.6771
counting,點票制度,8,8,8,0.0024,0.7366
post-mortem,驗屍,8,4,4,0.0024,0.7462
copy,副本,8,8,8,0.0025,0.809
sign,簽署,8,8,8,0.0025,0.7995
datum,基準面,8,6,6,0.0025,0.6752
section,公眾人士或部分公眾人士,8,8,8,0.0025,0.6969
gain,圖利,8,8,8,0.0026,0.7359
good,妥善,8,8,8,0.0026,0.688
composition,組成,8,8,8,0.0026,0.6764
fraction,部分,8,8,8,0.0026,0.5859
intelligence,消息,8,8,8,0.0026,0.6076
kind,品類,8,8,8,0.0026,0.6277
odds,固定賠率投注,7,7,7,0.0026,0.8399
retract,取消,2,8,2,0.0027,0.4644
deportation,遞解離境,8,8,8,0.0027,0.7488
like,同樣,8,8,8,0.0027,0.7386
adjust,經按比例調整,8,2,2,0.0027,0.4359
deviation,差異,8,8,8,0.0028,0.6354
proceedings,訴訟通知,8,8,8,0.0028,0.6273
working,工作,8,8,8,0.0028,0.7275
advertise,刊登,8,8,8,0.0028,0.5782
parties,有利害關係的各方,8,8,8,0.0028,0.6228
relieve,免除,8,8,8,0.0028,0.6834
discontinued election,已中止的選舉,8,8,8,0.0028,0.7672
third,第三者,8,8,8,0.0028,0.6388
current,流通,8,8,8,0.0029,0.6683
despatch,派遣,8,8,8,0.0029,0.6462
neutral,無利害關係,8,2,2,0.0029,0.5657
renewal,更新,8,8,8,0.0029,0.6943
promulgate,公布,6,8,6,0.0029,0.7254
transparency,透明度,5,6,5,0.0029,0.7859
contingent,待確定,8,8,8,0.003,0.5696
manifest,運貨單,8,5,5,0.003,0.6173
observance,遵守,8,8,8,0.003,0.7311
indemnification,彌償,7,8,7,0.003,0.7134
until,除非與直至,8,8,8,0.003,0.6531
match,配對,8,8,8,0.003,0.6308
timely; timeously,及時,8,8,8,0.0031,0.6641
director,董事,8,8,8,0.0032,0.689
Unified Exchange Compensation Fund,聯交所賠償基金,2,2,2,0.0032,0.6677
inventor,共同發明人,8,7,7,0.0032,0.5732
revested,重新轉歸,2,3,2,0.0032,0.3987
advance,墊付款項,8,5,5,0.0033,0.5441
consent,同意,8,8,8,0.0033,0.7494
title,簡稱,8,8,8,0.0033,0.6859
conversation,任何對話的大意,7,4,4,0.0033,0.5132
demotion,降級,3,8,3,0.0033,0.5763
verify,核實,8,8,8,0.0033,0.7981
constituent fund,成分基金,8,8,8,0.0033,0.793
practicable,切實可行,8,8,8,0.0034,0.7467
warranty,保證,8,8,8,0.0034,0.7114
holding company,控權公司,8,8,8,0.0034,0.7074
waters,領海,8,8,8,0.0034,0.7061
contrivance,手段,8,8,8,0.0034,0.6639
engineering,認可工程標準,8,6,6,0.0034,0.6226
enrolled,登記護士,8,8,8,0.0034,0.6681
inhibit,限制,8,8,8,0.0034,0.6339
frustration,受挫失效,3,5,3,0.0035,0.6661
in trust,以信託形式,8,8,8,0.0035,0.6102
carrying,帳面價值,8,8,8,0.0035,0.4912
customer,客戶盡職審查措施,8,2,2,0.0035,0.6179
entrant,未獲授權進境者,6,7,6,0.0035,0.7462
impractical,不切實際,8,5,5,0.0035,0.6233
plurality,多數票,2,8,2,0.0035,0.6504
preparation,製劑,8,8,8,0.0035,0.6036
parameter,適用範圍,8,8,8,0.0035,0.5484
affirm,維持,8,8,8,0.0036,0.6504
commutation,互換,8,8,8,0.0036,0.7001
inquisition,查訊,4,8,4,0.0036,0.5954
in consequence of,由於,8,8,8,0.0036,0.7268
mind,精神病,8,8,8,0.0036,0.692
water-front,公眾海旁,8,8,8,0.0036,0.7888
detach,除下,8,8,8,0.0036,0.6571
annuity,年金,8,8,8,0.0037,0.6247
limit of stay,逗留期限,8,8,8,0.0037,0.7891
infant formula,嬰兒配方產品,7,7,7,0.0037,0.7379
mix,混有,8,4,4,0.0037,0.5641
obscure,被掩蔽,8,3,3,0.0037,0.7011
provable,可予證明,8,3,3,0.0037,0.7229
under-lessee,承轉租人,6,2,2,0.0037,0.4158
roll,名冊,8,8,8,0.0038,0.6863
alcohol,神智不清,8,8,8,0.0038,0.643
betting,固定賠率投注,8,7,7,0.0038,0.7704
unified,統一,8,8,8,0.0038,0.7328
doubtful,呆帳,8,8,8,0.0038,0.5779
agreement,協定,8,8,8,0.0039,0.7956
allocation,分配,8,8,8,0.0039,0.6983
unit,單位,8,8,8,0.0039,0.6745
utility,公用事業,8,8,8,0.0039,0.6991
competence,能力,8,8,8,0.0039,0.7706
nursing,護理院,8,6,6,0.0039,0.6437
precautionary,防範措施,8,8,8,0.0039,0.651
affiliated,相關聯,8,2,2,0.004,0.6696
intergovernmental,政府間組織,5,4,4,0.004,0.7403
bonded,一般保稅倉,8,8,8,0.004,0.731
Chief Superintendent,總警司,6,8,6,0.004,0.702
script,遺囑性質的文稿,8,2,2,0.004,0.5642
liquefiable,流動資產,8,8,8,0.004,0.7436
reversionary,復歸,5,8,5,0.0041,0.6558
undated,沒有註明日期,3,4,3,0.0041,0.4899
accede,允許,6,8,6,0.0041,0.64
cent,不足一仙之數,8,3,3,0.0041,0.5888
written consent,同意書,8,8,8,0.0041,0.7014
bond,保證金,8,8,8,0.0042,0.6248
just,公正,8,8,8,0.0042,0.5382
revoke,撤回,8,8,8,0.0042,0.6694
transfer,移交,8,8,8,0.0042,0.6916
unsettled,未決,8,8,8,0.0042,0.4893
communicate,傳達,8,8,8,0.0042,0.6378
obstruct,妨礙,8,8,8,0.0042,0.7048
re-enact,再制定,2,5,2,0.0042,0.5666
in pursuance of,依據,8,8,8,0.0043,0.6416
principal,主要,8,8,8,0.0043,0.5445
dwelling,住宅,8,8,8,0.0043,0.7419
fireworks,爆竹煙花製品,8,7,7,0.0043,0.7368
former,原擁有人,8,8,8,0.0043,0.6222
illness,精神病,8,8,8,0.0043,0.6504
refund,付還,8,8,8,0.0043,0.6832
bottomry,船舶抵押借款,4,4,4,0.0044,0.5125
layout,布局,8,8,8,0.0044,0.6241
locality,地區,8,8,8,0.0044,0.601
quantity,大量,8,8,8,0.0044,0.7566
re,物,4,8,4,0.0045,0.6233
non-intimate,非體內樣本,7,7,7,0.0045,0.8123
reproduction,複製本,8,8,8,0.0045,0.6632
writing,文字,8,8,8,0.0045,0.7086
delegation,委派,8,8,8,0.0046,0.6545
ill-health,健康欠佳,7,8,7,0.0046,0.6594
commodity exchange,商品交易所,8,8,8,0.0046,0.7621
foregoing,上文,8,8,8,0.0047,0.5002
pari,同樣,8,8,8,0.0047,0.5641
median,中位數,2,5,2,0.0047,0.4001
loss,喪失,8,8,8,0.0048,0.6589
availability,可用性,8,2,2,0.0048,0.6254
completeness,設備的有效性或完備性,8,4,4,0.0048,0.3996
enrolment,取錄,8,8,8,0.0048,0.7304
forfaiting,應收帳承購,3,3,3,0.0048,0.5001
outlet,零售店,8,3,3,0.0048,0.6259
veterinary,獸醫官,8,8,8,0.0048,0.6598
politically,政治人物,4,4,4,0.0048,0.7474
false,虛假,8,8,8,0.0049,0.7539
management,管理,8,8,8,0.0049,0.7416
misleading,具誤導性,8,8,8,0.0049,0.7704
shipwreck,船舶失事,3,6,3,0.0049,0.5728
art,詭計,8,4,4,0.0049,0.5313
build,構造簡單,8,8,8,0.0049,0.5416
invoice,發票,8,8,8,0.0049,0.66
pensioner,領取退休金的人,4,2,2,0.0049,0.4394
body,團體,8,8,8,0.005,0.6885
determinable,可予終止,8,4,4,0.005,0.6912
boarding-house,旅館,6,8,6,0.005,0.6505
defile,弄污,8,8,8,0.005,0.5197
lodgment,交存通知書,8,4,4,0.005,0.7006
mobile,移動地球站,8,3,3,0.005,0.6827
retaining,保留管有,8,7,7,0.005,0.6248
infirmity of mind or body,精神欠妥或身體衰弱,6,6,6,0.0051,0.6238
amplify,闡述,4,8,4,0.0051,0.4828
bridge,過渡機構,8,8,8,0.0051,0.5893
clearing house,結算所,8,8,8,0.0051,0.5168
Correctional Services Department Psychiatric Centre,懲教署精神病治療中心,8,6,6,0.0051,0.7387
indefinitely,無限期有效,8,8,8,0.0051,0.6491
sub-fund,子基金,8,8,8,0.0051,0.6828
competency,能力,8,8,8,0.0052,0.7819
impose,判處,8,8,8,0.0052,0.6119
circulation,流通,8,8,8,0.0052,0.7451
clearing system,指定結算及交收系統,4,6,4,0.0052,0.6709
correspond,對應,8,8,8,0.0052,0.6412
investigate,調查,8,8,8,0.0052,0.7512
non-compliant,違規,8,8,8,0.0052,0.6449
otherwise,法律另有規定,8,8,8,0.0052,0.6924
permitted,認許,8,8,8,0.0052,0.684
persuasion,勸說,5,2,2,0.0052,0.6909
publisher,出版人,8,8,8,0.0052,0.7009
stress,惡劣天氣,8,8,8,0.0052,0.5683
vice,賣淫場所,8,6,6,0.0052,0.7078
pay,付款,8,8,8,0.0053,0.8116
satisfy,了結,8,8,8,0.0053,0.5336
leniency agreement,寬待協議,4,4,4,0.0053,0.6703
declare,宣布,8,8,8,0.0053,0.6887
maker,市場莊家,8,6,6,0.0053,0.7257
closed,非公開法庭,8,8,8,0.0054,0.5987
negotiate,洽談,8,3,3,0.0054,0.6926
owe,負有義務,3,3,3,0.0054,0.6299
floor plan,樓面平面圖,8,7,7,0.0055,0.7784
trader,交易商,8,8,8,0.0055,0.6991
verification,核實,8,8,8,0.0055,0.7431
identifier,《經濟合作與發展組織指引——為轉基因植物指定獨特標識》,8,2,2,0.0055,0.5657
co-opt,增選,8,8,8,0.0055,0.623
dispute resolution,解決爭議的程序,8,2,2,0.0055,0.5947
substitution,代替,8,8,8,0.0055,0.6161
investing public,投資大眾利益,8,3,3,0.0056,0.6071
officer,人員,8,8,8,0.0056,0.787
by reference to,只適用於,8,8,8,0.0056,0.6492
dividend,股息,8,8,8,0.0056,0.6686
non-distinctive,不具顯著特性,2,2,2,0.0056,0.7288
CFI Judge,原訟法庭法官,6,8,6,0.0056,0.6906
abandonment,拋棄,8,8,8,0.0057,0.6595
bonded warehouse,保稅倉,8,8,8,0.0057,0.6898
client,當事人,8,8,8,0.0057,0.6382
misstatement,錯誤陳述,6,8,6,0.0057,0.6144
obstruction,妨礙,8,8,8,0.0057,0.7278
unconditional,無條件,8,8,8,0.0057,0.6526
corresponding,相應的條文,8,3,3,0.0057,0.4979
dishonestly,不誠實地,8,8,8,0.0057,0.7295
dispense,免除,8,8,8,0.0057,0.7646
infer,推斷,8,8,8,0.0057,0.6444
interest rate-linked,利率掛鈎票據,3,3,3,0.0057,0.6542
loose,散裝,8,8,8,0.0057,0.5837
indirect,間接,8,8,8,0.0058,0.7431
non-observance,不遵守,2,8,2,0.0058,0.5895
recover,收回,8,8,8,0.0058,0.676
style,名稱,8,8,8,0.0058,0.7112
turnover,營業額,8,8,8,0.0058,0.6716
logistics,物流服務業務,8,2,2,0.0058,0.5912
confession,供認,4,8,4,0.0059,0.6722
dispensation,施行,8,8,8,0.0059,0.5976
reunification,回歸,2,4,2,0.0059,0.5503
territory,領土,8,8,8,0.0059,0.7396
apprenticeship,學徒訓練合約,8,8,8,0.0059,0.6734
await,聽候審訊,8,4,4,0.0059,0.4789
owned,全資擁有,8,8,8,0.0059,0.6992
reception,收納,8,8,8,0.0059,0.6825
tso,祖,8,8,8,0.0059,0.5837
way,通道權,8,3,3,0.0059,0.6452
prescribe,訂明限期,8,7,7,0.0059,0.6288
exchange rate,匯率合約,8,7,7,0.0059,0.8353
patentability,可享專利性,7,7,7,0.006,0.8301
dispose of,處理,8,8,8,0.006,0.6467
assumed,土地及其他財產,8,3,3,0.0061,0.5549
breeding,繁育,8,8,8,0.0061,0.7596
upbringing,教養,8,3,3,0.0061,0.6944
cigarette,香煙煙草,8,7,7,0.0061,0.7409
warden,舍監,8,4,4,0.0061,0.6014
carnet,《暫准進口海關公約》,7,3,3,0.0062,0.5996
batch,同一批次,8,4,4,0.0062,0.6564
paramount,首要目,8,4,4,0.0062,0.5904
recipient,傳送對象,8,3,3,0.0062,0.6178
subsistence,有版權存在,8,8,8,0.0062,0.5336
household,住戶,8,8,8,0.0063,0.7509
inaccessible,不可觸及,8,6,6,0.0063,0.5369
Indigenous Village,原居鄉村,8,8,8,0.0063,0.6847
jeopardize,危及,6,8,6,0.0063,0.6978
central bank,中央銀行,8,8,8,0.0063,0.853
probationer,受感化者,8,8,8,0.0064,0.7026
reckless,罔顧,8,8,8,0.0064,0.5646
place of abode,居籍,8,8,8,0.0064,0.6683
hazardous condition,危險情況,8,8,8,0.0064,0.7879
Chinese medicine practitioner,註冊中醫,8,8,8,0.0064,0.5821
coin,硬幣,8,8,8,0.0064,0.7554
wares,貨物,8,8,8,0.0064,0.6692
cap,上限,8,8,8,0.0065,0.6374
sweep,清掃,2,6,2,0.0065,0.5948
quarantine,檢疫,8,8,8,0.0066,0.6911
responsibility,責任,8,8,8,0.0066,0.7513
secondary,次等,8,4,4,0.0066,0.6019
stand,席位,8,8,8,0.0066,0.5376
fall due,到期應繳,8,8,8,0.0066,0.6491
wholly,完全,8,8,8,0.0066,0.6916
on or after,之前、之時或之後,8,8,8,0.0066,0.6497
diesel,柴油,8,8,8,0.0066,0.7386
authenticated,妥為認證的副本,8,7,7,0.0066,0.7301
abate,中止,8,8,8,0.0067,0.6484
submission,呈交,8,8,8,0.0067,0.6492
conciliator,調停人,6,8,6,0.0067,0.5286
displace,推翻推定,8,2,2,0.0067,0.4623
identical,相同,8,8,8,0.0067,0.7095
leniency,寬待協議,4,4,4,0.0067,0.6607
ordinary post,平郵郵遞,8,8,8,0.0067,0.7334
plastic,塑膠購物袋,8,8,8,0.0067,0.6542
totally,完全喪失能力,8,2,2,0.0067,0.7551
with vacant possession,可交出空置管有權,7,2,2,0.0067,0.6315
carriageway,汽車車道,8,2,2,0.0067,0.7341
the assured,受保人,8,8,8,0.0068,0.6771
skilled,註冊半熟練技工,8,8,8,0.0068,0.7112
surrogacy,代母安排,8,8,8,0.0068,0.7914
power of attorney,授權書,8,8,8,0.0068,0.6541
effective,有效,8,8,8,0.0069,0.5261
express,明文,8,8,8,0.0069,0.7075
misbehaviour,行為不檢,8,8,8,0.0069,0.7153
in law,配偶的父或母,8,6,6,0.0069,0.6743
likelihood,可能性,8,8,8,0.0069,0.4997
server,送達人,8,8,8,0.0069,0.627
shipowner,船東,8,8,8,0.007,0.7616
brochure,售樓說明書,8,8,8,0.007,0.7039
exploit,利用,5,8,5,0.007,0.5603
hour,合理時間,8,8,8,0.007,0.7071
prepare,擬備,8,8,8,0.007,0.6578
senior,資深,8,8,8,0.007,0.6764
invest,投資資產,8,2,2,0.007,0.5392
unconditionally,無條件地,8,8,8,0.007,0.5686
co-respondent,共同答辯人,4,4,4,0.0071,0.6924
ward,法庭的受監護人,8,2,2,0.0071,0.4788
advance notice,事先通知,8,8,8,0.0072,0.6003
assured,受保,8,8,8,0.0072,0.6013
payer,付款人,8,8,8,0.0072,0.5139
shortfall,不足之數,8,8,8,0.0072,0.6336
frequency,次數,8,8,8,0.0072,0.6808
happen,發生,8,8,8,0.0072,0.6525
location,所在,8,8,8,0.0072,0.6781
prostitution,賣淫,8,8,8,0.0072,0.7665
endorsed,註明,8,8,8,0.0072,0.7612
archivist,檔案室負責人,8,5,5,0.0072,0.727
token,象徵,8,8,8,0.0073,0.5837
apartment,床位寓所,8,8,8,0.0073,0.7298
conducive,有利於,8,8,8,0.0073,0.6633
distinctive,顯著要素,8,2,2,0.0073,0.5672
portfolio,投資組合,8,8,8,0.0073,0.7151
inbound,內地入境旅行團,8,5,5,0.0073,0.6812
antibiotics,抗生素,8,8,8,0.0073,0.7141
enforceable,可強制執行,8,8,8,0.0074,0.719
fiat,指令,4,8,4,0.0074,0.5255
levy,徵款,8,8,8,0.0074,0.6628
exchange company,交易所,8,8,8,0.0074,0.6674
handle,處理,8,8,8,0.0074,0.6489
notarial,經公證的譯本,8,2,2,0.0074,0.5716
warship,軍艦,8,8,8,0.0074,0.7475
actual,實質,8,8,8,0.0075,0.649
postpone,延期,8,8,8,0.0075,0.7019
ultimate,最終,8,8,8,0.0075,0.5142
certification authority,核證機關,8,8,8,0.0075,0.6971
abusive,粗言穢語,8,4,4,0.0075,0.7313
importer,進口人,8,8,8,0.0075,0.6373
reputation,信用,8,8,8,0.0075,0.6492
non-performance of the contract,合約不獲履行,2,2,2,0.0075,0.5735
tropical cyclone,熱帶氣旋警告信號,8,5,5,0.0075,0.7387
challenge,反對,8,8,8,0.0076,0.6772
duplicate,副本,8,8,8,0.0076,0.6787
finality,定局,7,8,7,0.0076,0.6466
legitimate,合法,8,8,8,0.0076,0.659
product,產品,8,8,8,0.0076,0.7412
unprofessional conduct,不專業行為,8,8,8,0.0076,0.8186
annex,所附連,8,7,7,0.0076,0.6825
apparently,表面上,8,8,8,0.0076,0.585
blood,全血親,8,8,8,0.0076,0.5781
corporal punishment,體罰,4,2,2,0.0076,0.7673
ply,兜攬,8,3,3,0.0076,0.6554
prostitute,娼妓,4,6,4,0.0076,0.7903
overnight,夜宿,7,3,3,0.0076,0.6571
standardized,標準,8,8,8,0.0076,0.6076
arbitrator,仲裁員,8,8,8,0.0077,0.6666
Stock Exchange Company,聯交所,8,8,8,0.0077,0.7268
vicinity,鄰近範圍,8,8,8,0.0077,0.6394
clerical,文書上的錯誤,8,8,8,0.0077,0.6828
communally,公用,2,8,2,0.0077,0.5182
conservation,修復,8,8,8,0.0077,0.5884
misfortune,不幸情況,2,2,2,0.0077,0.6288
money laundering,洗錢活動,8,2,2,0.0077,0.7451
mutiny,叛亂,2,7,2,0.0077,0.6997
owing,尚欠的本金,8,6,6,0.0077,0.4544
litem,訴訟,8,8,8,0.0078,0.695
bullion,金錠,8,8,8,0.0078,0.7555
defaced,遺失、遭污損或遭損毀,8,8,8,0.0078,0.7027
discomfort,不安,8,8,8,0.0078,0.7251
unprofessional,不專業行為,8,8,8,0.0078,0.8286
exact,勒索,8,7,7,0.0079,0.6691
assisted,受助人證書,8,7,7,0.0079,0.6503
dealing,交易,8,8,8,0.008,0.6369
census,普查,8,8,8,0.008,0.791
hire-purchase; hire purchase,租購價,8,4,4,0.0081,0.7443
offeror,要約人,8,8,8,0.0081,0.5953
reinstate,修復,8,8,8,0.0081,0.7157
internal,本土法律,8,8,8,0.0081,0.6221
correlation,相關性,8,8,8,0.0081,0.6768
hire-purchase,租購價,8,4,4,0.0081,0.7443
include,收納,8,8,8,0.0081,0.6549
poisonous,有毒物質,8,8,8,0.0081,0.7853
abeyance,懸空,2,8,2,0.0082,0.6131
Futures Exchange Compensation Fund,期交所賠償基金,2,2,2,0.0082,0.6694
province,職權,8,8,8,0.0082,0.5356
appreciate,意識到,4,3,3,0.0082,0.4771
concise,扼要陳述,8,8,8,0.0082,0.554
contagion,不良連鎖效應,2,2,2,0.0082,0.586
critical,關鍵金融功能,8,8,8,0.0082,0.6227
dwelling-place,居住地方,2,8,2,0.0082,0.5759
expressed,明示有爭論點提出,8,4,4,0.0082,0.5356
perform,完成,8,8,8,0.0082,0.6842
pre-emption,優先購買權利,8,6,6,0.0082,0.6896
under-lessor,分租人,2,3,2,0.0082,0.5842
ready,已可作交還,8,3,3,0.0083,0.5746
Secretary-General,聯合國秘書長,8,2,2,0.0083,0.6768
columbarium,骨灰安置所,8,8,8,0.0084,0.7579
panel,名單,8,8,8,0.0084,0.6201
purchase,購買,8,8,8,0.0084,0.715
structure,構築物,8,8,8,0.0084,0.7498
transferee,承讓人,8,8,8,0.0084,0.6602
directorship,董事席位,8,7,7,0.0084,0.6857
police,警察部門,8,2,2,0.0084,0.7055
substantiality,實質分量,8,8,8,0.0084,0.5338
Rome Convention,羅馬公約,2,2,2,0.0085,0.7141
allow,准予,8,8,8,0.0085,0.6846
indenture,契約,3,8,3,0.0085,0.5843
resale,轉售,8,8,8,0.0085,0.7587
manual,《國際航空和海上搜尋救助手冊》,8,2,2,0.0085,0.6213
concentration,集中程度,8,8,8,0.0085,0.6315
expense,法律開支保險,8,2,2,0.0085,0.6087
forfeit,沒收物品,8,4,4,0.0085,0.6106
in connexion with,所關連,8,5,5,0.0085,0.6495
Lotteries Fund,獎券基金,8,8,8,0.0085,0.7508
transact,處理,8,8,8,0.0085,0.6878
treasury bill,庫券,3,4,3,0.0085,0.7697
leased,批租地區,8,6,6,0.0086,0.6686
purchaser,買家,8,8,8,0.0086,0.6215
bound,必須,8,8,8,0.0086,0.6236
detract,減損,6,8,6,0.0086,0.6243
make public,公布,5,8,5,0.0086,0.7556
fuel,低閃點燃料,8,8,8,0.0086,0.6948
research fishing permit,研究捕魚許可證,8,8,8,0.0086,0.8104
secured,獲得保證,8,6,6,0.0086,0.7146
usurped,篡奪權力,3,2,2,0.0086,0.4652
accrual,孳生,8,8,8,0.0087,0.433
allotment of shares,股份配發,8,8,8,0.0087,0.7458
chattels,實產,8,8,8,0.0087,0.7172
enter,呈交,8,8,8,0.0087,0.6507
compounded,合成食物,8,4,4,0.0087,0.6662
repay,退回,8,8,8,0.0087,0.6242
Commissioner,海關關長,8,8,8,0.0087,0.6756
excise,刪剪,8,7,7,0.0087,0.6077
telegram,電報,8,8,8,0.0087,0.7641
topography,拓樸圖,8,8,8,0.0087,0.6488
ad valorem,從價,4,4,4,0.0088,0.6933
confidential,保密,8,8,8,0.0088,0.7379
doubt,懷疑,8,8,8,0.0088,0.6852
proceeds,得益,8,8,8,0.0088,0.7125
adjourned,押後聆訊,8,8,8,0.0088,0.6579
club,會社,8,8,8,0.0088,0.7933
custodial,監禁刑罰,8,8,8,0.0088,0.5997
innkeeper,旅店主理人,3,3,3,0.0088,0.5385
near,盡可能準確地,8,4,4,0.0088,0.6439
authorized,獲授權,8,8,8,0.0089,0.7926
en bloc,全體,4,8,4,0.0089,0.5665
particular,特定,8,8,8,0.0089,0.7041
Assistant Returning Officers,助理選舉主任,8,8,8,0.0089,0.6251
banker,莊家,8,8,8,0.0089,0.6829
persuade,勸說,5,2,2,0.0089,0.5727
beneficial,實益,8,8,8,0.009,0.66
standard,標準,8,8,8,0.009,0.7148
documentation,文件,8,8,8,0.009,0.7297
transliteration,音譯,8,8,8,0.009,0.5822
widow,寡婦,8,6,6,0.009,0.648
duty of care,一般謹慎責任,8,4,4,0.009,0.7129
Board,教務委員會,8,8,8,0.009,0.6176
concerned,有關的人,8,8,8,0.009,0.733
mechanical,機電工程署,8,8,8,0.009,0.6675
writ,文書,8,8,8,0.0091,0.5687
diminution,減值,8,8,8,0.0091,0.6956
enacting,制定語式條文,3,2,2,0.0091,0.5257
handbill,單張,5,8,5,0.0091,0.7289
less,扣除,8,8,8,0.0091,0.6303
situation,地點,8,8,8,0.0091,0.65
source,合法來源,8,6,6,0.0091,0.5918
underpayment,少付,3,4,3,0.0091,0.6884
non-permanent,非永久性居民,8,3,3,0.0091,0.5848
Continuing Professional Development Committee,持續專業發展委員會,2,2,2,0.0091,0.7739
earlier trade mark,在先商標,8,8,8,0.0092,0.7845
incumbrance,產權負擔,8,8,8,0.0092,0.534
recital,描述,3,8,3,0.0092,0.6085
fix a date,編定日期,8,8,8,0.0092,0.5528
contradictory,互相矛盾,7,8,7,0.0092,0.6753
correspondingly,對應,4,8,4,0.0092,0.5937
invoke,引用,2,8,2,0.0093,0.6642
sounding only in damages,僅具要求損害賠償性質,3,2,2,0.0093,0.7373
correct,核證為正確,8,8,8,0.0093,0.5549
cross-examine,盤問,8,8,8,0.0093,0.6464
lend,借出款項,8,8,8,0.0093,0.7588
licence year,牌照年度,2,3,2,0.0093,0.7575
advancement,預付,8,8,8,0.0094,0.6421
certain,已確定,8,8,8,0.0094,0.6445
committed,被交付判處,8,3,3,0.0094,0.6259
economical,合乎經濟原則地,8,6,6,0.0094,0.4819
harbour,窩藏,8,8,8,0.0094,0.5953
launch,投射,8,8,8,0.0094,0.683
manufacturing,製造業,8,8,8,0.0094,0.79
attributed,歸屬風險權重,8,8,8,0.0094,0.5881
without reasonable care,沒有採取合理程度的謹慎,3,2,2,0.0095,0.519
Capital Investment Fund,資本投資基金,2,2,2,0.0095,0.7136
delete,刪去不適用者,8,2,2,0.0095,0.6546
obey,服從,8,8,8,0.0095,0.8201
vocation,任何職業,7,8,7,0.0095,0.6284
non-employer,非僱主受託人,5,5,5,0.0096,0.6471
fixture,固定附着物,8,8,8,0.0096,0.6601
pledgor,質押人,3,3,3,0.0096,0.5822
time,不時,8,8,8,0.0096,0.7062
visit,探視,8,8,8,0.0096,0.6797
inevitably,無可避免地,2,3,2,0.0096,0.5302
stablecoin,受規管穩定幣活動,8,8,8,0.0096,0.7805
attest,核簽,8,8,8,0.0097,0.7426
watertight,水密,8,8,8,0.0097,0.7517
Director,政府物流服務署署長,8,3,3,0.0097,0.6563
unlisted,非上市,8,8,8,0.0097,0.6775
decease,死亡,2,8,2,0.0098,0.6396
discretionary,酌情性,8,5,5,0.0098,0.5653
liquidation,進行清盤,8,8,8,0.0098,0.6735
period,通知期,8,8,8,0.0098,0.6851
rebate,退款,8,8,8,0.0098,0.7085
education,教育機構,8,8,8,0.0098,0.6906
non-securitization,非證券化類別風險承擔,8,8,8,0.0098,0.7915
hygiene,食物環境衞生署署長,8,8,8,0.0098,0.747
bidder,競投人,8,8,8,0.0099,0.7657
clearance,出入境檢查,8,5,5,0.0099,0.5342
disbursement,代墊付費用,8,8,8,0.0099,0.6625
ensue,因而產生,4,6,4,0.0099,0.5398
pre-trial,審訊前,8,8,8,0.0099,0.6264
whereabouts,下落,8,8,8,0.0099,0.6175
ship,外國船舶,8,2,2,0.0099,0.6255
delegable,可轉委職能,3,2,2,0.0099,0.7248
off-balance,資產負債表外項目,8,5,5,0.0099,0.6744
board,局,8,8,8,0.01,0.6888
comply,遵守,8,8,8,0.01,0.7365
principle,原則,8,8,8,0.01,0.6505
unbiased,不偏不倚,2,5,2,0.01,0.5675
authorization,訂明授權,8,8,8,0.01,0.7169
in charge,操控,8,8,8,0.01,0.6846
naval,海軍輔助船艦,8,8,8,0.01,0.6576
British Standards Institution,英國標準協會,7,7,7,0.01,0.6878
conspiracy to defraud,串謀欺詐,8,2,2,0.0101,0.6313
consideration,審議,8,8,8,0.0101,0.6423
Convocation,評議會,8,8,8,0.0101,0.6671
depository,寄存處,8,8,8,0.0101,0.6756
deposit-taker,接受存款人,4,4,4,0.0101,0.7051
further,更詳盡清楚的詳情,8,8,8,0.0101,0.6635
immediately,立即,8,8,8,0.0101,0.7183
retire,卸任,8,8,8,0.0101,0.4731
spirit,精神,8,8,8,0.0101,0.5941
book-keeper,簿記員,3,3,3,0.0101,0.7219
income,收入,8,8,8,0.0102,0.5682
save,除非,8,8,8,0.0102,0.6016
cancellation,取消,8,8,8,0.0102,0.691
pecuniary,金錢利益,8,8,8,0.0102,0.7073
prominent,當眼,8,8,8,0.0102,0.6533
relative,近親,8,8,8,0.0102,0.5395
unexecuted,未簽立,4,5,4,0.0102,0.5555
ventilation,空氣流通,8,8,8,0.0102,0.7882
enter into,作出,8,8,8,0.0103,0.6255
stock,股票,8,8,8,0.0103,0.7064
ascertain,確定,8,8,8,0.0103,0.7422
co-ordinator,統籌人,3,3,3,0.0103,0.6985
unclear,不明確,2,3,2,0.0103,0.6491
correction of errors,更正錯誤,5,5,5,0.0104,0.6283
outgoings,支出,8,8,8,0.0104,0.6303
by consent,按同意作出,8,4,4,0.0104,0.6664
called to the Bar,獲認許為大律師,4,8,4,0.0104,0.5367
fit and proper,合適和恰當,8,2,2,0.0104,0.3806
peril,危險,8,8,8,0.0105,0.6562
representation,代理,8,8,8,0.0105,0.6386
breeder,繁育者,6,3,3,0.0105,0.7143
worship,禮拜,8,8,8,0.0105,0.7501
absolute,全權,8,8,8,0.0106,0.7193
general,一般,8,8,8,0.0106,0.7456
letter of credit,信用狀,8,8,8,0.0106,0.7167
smoking,禁止吸煙區,8,7,7,0.0106,0.7939
undrawn,未提取融通,8,6,6,0.0106,0.6179
at any time,隨時,8,8,8,0.0107,0.8108
bona vacantia,無主財物,4,4,4,0.0107,0.5031
close,密切,8,8,8,0.0107,0.6785
port,口岸,8,8,8,0.0107,0.6307
repair,維修妥善,8,8,8,0.0107,0.7641
restoration,修復,8,8,8,0.0107,0.6812
Equal Opportunities Commission,平等機會委員會,4,7,4,0.0107,0.7754
sub-sale,轉售,4,8,4,0.0107,0.6406
wave,無線電波,3,8,3,0.0107,0.5876
Basel,巴塞爾委員會,8,8,8,0.0107,0.4807
maritime,海上,8,8,8,0.0108,0.735
part,部分,8,8,8,0.0108,0.7031
requisition,正式要求,8,3,3,0.0108,0.7068
surveillance,審核,8,8,8,0.0108,0.5721
universal,全體,8,8,8,0.0108,0.7006
Composite Indigenous Village,共有代表鄉村,8,8,8,0.0108,0.6311
corrective,糾正,8,8,8,0.0108,0.5689
disseminate,散發,8,8,8,0.0108,0.586
fit to proceed,適合出海,8,4,4,0.0108,0.7187
mislead,誤導,8,8,8,0.0108,0.7066
sub-purchase,轉購,2,6,2,0.0108,0.5417
wholesaler,中藥材批發商牌照,8,7,7,0.0108,0.6345
hand down,宣布一項判決,8,4,4,0.0108,0.5846
Land Titles Indemnity Fund,土地業權彌償基金,5,5,5,0.0109,0.7616
arrangement,安排,8,8,8,0.0109,0.6277
floating,浮動,8,8,8,0.0109,0.5007
impediment,妨礙,7,8,7,0.0109,0.683
hawking,販賣,8,8,8,0.0109,0.7398
mount,鑲有,8,8,8,0.0109,0.5463
perpetuity,財產恆繼,6,8,6,0.0109,0.6215
unqualified,不合資格人士,8,8,8,0.0109,0.6839
visitor,精神病院視察人員,8,3,3,0.0109,0.7303
caveator,知會備忘登記人,2,2,2,0.011,0.5951
presentment,公訴,8,8,8,0.011,0.5929
intimidation,恐嚇,8,8,8,0.011,0.7689
ultimately,最終擁有或控制,8,7,7,0.011,0.6705
Central Government,中央,8,8,8,0.011,0.6289
desk,交易桌,8,8,8,0.011,0.6445
insanity,精神錯亂,8,8,8,0.0111,0.6512
seriously improper conduct,嚴重不當的行為,2,2,2,0.0111,0.7655
specific,具體,8,8,8,0.0111,0.6643
aid,協助,8,8,8,0.0111,0.7944
exporter,出口商,8,8,8,0.0111,0.7276
fail,不能成立,8,5,5,0.0111,0.614
grace,寬限期,8,8,8,0.0111,0.4205
New York Convention,紐約公約,3,3,3,0.0112,0.7682
ledger,分類帳,8,8,8,0.0112,0.6616
mean,算術平均數,8,8,8,0.0112,0.7089
circumvent,規避,7,8,7,0.0113,0.4997
pay into,存入,8,8,8,0.0113,0.5896
clear day,整天,8,8,8,0.0114,0.5841
disclaimer,免責,8,8,8,0.0114,0.6692
effectual,有效,8,8,8,0.0114,0.5909
merchant,商船公告,8,8,8,0.0114,0.6713
contain,容納,8,8,8,0.0114,0.6103
context,內容,8,8,8,0.0114,0.6394
misappropriation,挪用,2,5,2,0.0114,0.5219
authorised,獲授權人,8,8,8,0.0114,0.68
fisheries,漁農自然護理署署長,8,8,8,0.0114,0.752
burner,燃燒器,8,8,8,0.0114,0.7286
Head of State,國家元首,2,2,2,0.0115,0.6452
intoxication,神志不清,8,2,2,0.0115,0.5803
warehouse,倉庫,8,8,8,0.0115,0.7682
accuracy,準確性,8,8,8,0.0115,0.7209
frustrate,受挫失效,7,5,5,0.0115,0.5537
stock exchange,證券交易所,8,8,8,0.0115,0.7431
recreation,康樂,8,8,8,0.0115,0.7394
behaviour,行為,8,8,8,0.0116,0.6638
quasi-loan,類似貸款,8,8,8,0.0116,0.7084
destruction,銷毀,8,8,8,0.0116,0.692
category,類別,8,8,8,0.0116,0.717
funeral,殯殮,8,8,8,0.0116,0.7115
Heung Yee Kuk,鄉議局,8,8,8,0.0116,0.5552
recommend,建議,8,8,8,0.0116,0.6975
rental,租金,8,8,8,0.0116,0.7018
bedding,衣物及寢具,8,2,2,0.0116,0.6126
distort,歪曲,3,4,3,0.0117,0.5742
buy-back,回購,8,8,8,0.0117,0.7394
contempt,藐視,8,8,8,0.0117,0.7398
create,設定,8,8,8,0.0117,0.653
saving,保留條文,8,8,8,0.0117,0.7164
pretence,虛假藉口,8,2,2,0.0117,0.6931
tourism,旅遊業,8,8,8,0.0117,0.7238
loitering,遊蕩,3,8,3,0.0117,0.7522
onshore,在岸風險,8,6,6,0.0117,0.6128
implementation,實施,8,8,8,0.0118,0.6958
lineal,世襲,3,3,3,0.0118,0.3933
serious,嚴重,8,8,8,0.0118,0.74
effectiveness,效能,8,8,8,0.0118,0.5986
entirety,全數,8,8,8,0.0118,0.555
generally,概括地,8,8,8,0.0118,0.6981
install,裝設,8,8,8,0.0118,0.7224
occasional,非經常交易,8,6,6,0.0118,0.7272
appraise,評核,4,8,4,0.0119,0.6524
requestor,提出要求者,8,8,8,0.0119,0.7904
unable,無能力,8,8,8,0.0119,0.7466
sliding,按比例,8,8,8,0.0119,0.561
deliver,發表,8,8,8,0.012,0.697
limitation,限制,8,8,8,0.012,0.7664
if,如果是並僅如果是,8,7,7,0.012,0.6765
renewable,可續期,8,8,8,0.012,0.7163
temple,華人廟宇,8,8,8,0.012,0.7031
concurrent,並存,8,8,8,0.0121,0.4541
plaintiff,原告,8,8,8,0.0121,0.6564
acknowledgement,承認,8,8,8,0.0121,0.763
subordinated,後償債務,8,4,4,0.0121,0.5847
sever,分開,5,8,5,0.0122,0.6479
inferior,下一級業主,8,2,2,0.0122,0.489
animal,與動物作出違反自然性交,8,3,3,0.0122,0.6098
next-of-kin,最近親,6,8,6,0.0122,0.6346
matter,事宜,8,8,8,0.0123,0.6345
signatory,簽署人,8,8,8,0.0123,0.5867
termination,完結,8,8,8,0.0123,0.6231
commercial,商務,8,8,8,0.0124,0.6163
verbal,口頭,8,8,8,0.0124,0.5481
donee,獲授權人,8,8,8,0.0124,0.5739
indicate,表明,8,8,8,0.0124,0.68
make,作出申述,8,8,8,0.0124,0.7089
multiplier,乘數,8,7,7,0.0124,0.7933
normally,通常,8,8,8,0.0124,0.6772
predominantly,主要,8,8,8,0.0124,0.661
revising,審裁官,8,8,8,0.0124,0.6256
depart from,偏離,8,8,8,0.0125,0.5946
potential,潛在,8,8,8,0.0125,0.7385
several,各別,8,8,8,0.0125,0.6554
reproduced in legible form,以可閱讀形式重現,8,8,8,0.0125,0.7096
casual,臨時僱員,8,8,8,0.0125,0.5695
forthwith,隨即,8,8,8,0.0125,0.7535
fulfil,履行,8,8,8,0.0125,0.6547
physical,身體衰弱,8,8,8,0.0125,0.6523
bookmaking,收受賭注,5,6,5,0.0126,0.6584
fishing,漁船,8,8,8,0.0126,0.7664
investigation,調查,8,8,8,0.0126,0.7284
loading,負荷量,8,7,7,0.0126,0.6036
Director of Public Prosecutions; DPP,刑事檢控專員,3,3,3,0.0127,0.6641
certified,經核證,8,8,8,0.0127,0.7043
consummate,完成,2,8,2,0.0127,0.5664
par value,面值,4,8,4,0.0127,0.7222
at law,在法律上,8,8,8,0.0127,0.7019
consultant,顧問,8,8,8,0.0127,0.7224
lunacy,精神錯亂,4,8,4,0.0127,0.5652
decision,判定,8,8,8,0.0128,0.6915
artistic,藝術表達,8,2,2,0.0128,0.612
insurrection,叛亂,6,7,6,0.0128,0.6743
practitioner,法律執業者,8,8,8,0.0128,0.6923
facial,蒙面物品,2,2,2,0.0128,0.7331
competition,競爭,8,8,8,0.0129,0.7196
domain,土地所有權,8,2,2,0.0129,0.5325
Maritime Safety Committee,海上安全委員會,4,8,4,0.0129,0.841
discover,找出,4,8,4,0.0129,0.6713
failure,不履行,8,8,8,0.013,0.7681
additive,添加劑,8,8,8,0.013,0.8114
amalgamate,合併,4,8,4,0.013,0.6011
Chinese medicine,中醫藥學,8,8,8,0.013,0.6524
collective investment scheme,集體投資計劃,8,8,8,0.013,0.7879
evade,規避,8,8,8,0.013,0.5775
notifiable,須予通知,8,8,8,0.013,0.6855
incubation,過渡期,3,8,3,0.013,0.625
British Standard Specification,英國標準規格,7,8,7,0.013,0.7689
holder,持有人,8,8,8,0.0131,0.8092
impervious,不受影響,8,8,8,0.0131,0.6199
post-nuptial,婚後,2,8,2,0.0131,0.5383
recess,休庭,8,8,8,0.0131,0.5622
host,《東道國協定》,8,2,2,0.0131,0.5469
expulsion,驅逐,8,8,8,0.0131,0.7528
mother,代母,8,8,8,0.0131,0.6013
non-excluded,非豁除人士,3,4,3,0.0131,0.6002
inciting,煽惑,8,8,8,0.0131,0.7215
Minor Offences Report,輕微違紀行為報告,2,2,2,0.0132,0.6583
usual,一般,8,8,8,0.0132,0.6163
float,儲值金額,8,8,8,0.0132,0.5042
in accordance with,依法,8,8,8,0.0132,0.717
cash-against-delivery,銀貨兩訖形式,3,2,2,0.0132,0.6551
uniform,劃一,8,8,8,0.0132,0.7205
corporate,公司,8,8,8,0.0133,0.6439
inherent,固有,8,8,8,0.0133,0.5219
remittance,匯款,8,8,8,0.0133,0.7368
taxation,課稅,8,8,8,0.0133,0.5675
arithmetic,算術平均數,7,8,7,0.0133,0.7388
commercially,敏感的商業資料,8,2,2,0.0133,0.5942
annotation,註明,6,8,6,0.0134,0.6797
below,下級法庭,8,8,8,0.0134,0.5882
in good faith,真誠地,8,8,8,0.0134,0.6681
regulating,規管制度,8,7,7,0.0134,0.699
Review Certificate of Interim Payment,臨時付款審核證明書,4,3,3,0.0134,0.7278
sustainability,可持續性,4,4,4,0.0134,0.6502
sub-contractor,次承判商,8,8,8,0.0134,0.6584
assertion,主張,7,8,7,0.0135,0.6884
deliberation,商議,8,8,8,0.0135,0.6458
savings,儲蓄,8,8,8,0.0135,0.7751
supersede,取代,8,8,8,0.0135,0.6609
bunkering,燃料裝艙,8,4,4,0.0135,0.5939
detainer,扣留,3,8,3,0.0135,0.7503
in favour,表決贊成,8,8,8,0.0135,0.6032
inspector,視察主任,8,8,8,0.0135,0.6973
libellous,帶永久形式誹謗的文字,2,2,2,0.0135,0.4618
optometrist,註冊視光師,8,5,5,0.0135,0.737
inure,使適用,2,4,2,0.0136,0.3988
payment,中期付款,8,8,8,0.0136,0.7488
grandparent,繼祖父母或繼外祖父母,8,2,2,0.0136,0.6864
justice of the peace,太平紳士,8,8,8,0.0136,0.6854
livestock waste,禽畜廢物,8,8,8,0.0136,0.7901
interrogatory,質詢,7,8,7,0.0137,0.6185
operative,有法律效力,8,8,8,0.0137,0.7014
public,公開,8,8,8,0.0137,0.6319
seniority,年資,8,8,8,0.0137,0.545
shareholder,股份持有人,8,8,8,0.0137,0.5989
transaction,交易,8,8,8,0.0137,0.734
bodily,身體嚴重傷害,8,4,4,0.0137,0.6076
place of establishment,設立地,5,5,5,0.0137,0.7024
answer,應保,8,8,8,0.0138,0.639
provisional,暫定,8,8,8,0.0138,0.6312
abstract,撮錄,8,8,8,0.0138,0.6523
co-ordinate,統籌,8,8,8,0.0138,0.6659
investing,投資大眾,8,8,8,0.0138,0.6473
sub-licensee,再授特許持有人,2,3,2,0.0138,0.7217
superintendent,院長,8,8,8,0.0138,0.6453
budget,財政預算,8,8,8,0.0138,0.6786
hybrid,混合式按損害賠償收費協議,7,2,2,0.0138,0.4503
gratuitous,免費,6,8,6,0.0139,0.575
substitute,替代,8,8,8,0.0139,0.7132
acceptable,可予接受,8,8,8,0.0139,0.619
efficacy,效力,8,8,8,0.0139,0.6078
height,預計高度,8,3,3,0.0139,0.5906
legally competent,在法律上不合乎資格,2,2,2,0.0139,0.6682
consensus,一致意見,4,3,3,0.014,0.6215
consolidation,合併,8,8,8,0.014,0.6226
invalidate,變成無效,8,2,2,0.014,0.5778
chattel,實產,8,8,8,0.014,0.6534
reinstatement,恢復,8,8,8,0.014,0.6719
maltreatment,虐待兒童,2,8,2,0.014,0.614
anti-competitive conduct,反競爭行為,3,3,3,0.0141,0.754
attention,注意,8,8,8,0.0141,0.6946
convertible bonds,可換股債券,3,3,3,0.0141,0.7329
book-entry,記帳證券,2,2,2,0.0141,0.7307
Home Ownership Scheme,居者有其屋計劃,8,7,7,0.0141,0.7879
irrespective of,不論,8,8,8,0.0141,0.4976
Tomlin,湯林命令,4,4,4,0.0141,0.4433
direction,指引,8,8,8,0.0142,0.6899
duty,關稅,8,8,8,0.0142,0.6252
presents,本文件,8,8,8,0.0142,0.6783
exercisable,可予行使,8,8,8,0.0142,0.7044
investigator,調查員,8,8,8,0.0142,0.7847
multi-level,多層客户結構,8,8,8,0.0142,0.6215
fault,故障,8,8,8,0.0143,0.6584
intention,意向,8,8,8,0.0143,0.6657
quasi-contract,準合約,3,4,3,0.0143,0.6498
take over,接收,8,8,8,0.0143,0.5956
item,享有法律特權的品目,8,8,8,0.0143,0.7426
by force,使用武力,8,8,8,0.0143,0.6861
Code on Takeovers and Mergers,公司收購及合併守則,2,3,2,0.0143,0.6647
premature,為時過早,8,3,3,0.0143,0.4839
secrete,隱藏,2,8,2,0.0143,0.6617
solicitation,募捐,5,3,3,0.0143,0.5626
competent,具有權力,8,8,8,0.0144,0.7472
contravene,抵觸,8,8,8,0.0144,0.6334
cut-off date,截止日期,8,8,8,0.0144,0.7484
calling,事業,8,8,8,0.0144,0.6902
deafness,失聰,8,8,8,0.0144,0.7694
no later,不遲於,8,8,8,0.0144,0.6106
arrears; arrear,拖欠,8,8,8,0.0145,0.6027
without notice,不知悉,8,8,8,0.0145,0.6362
bargaining,議價能力,5,2,2,0.0145,0.65
tobacco,香煙煙草,8,7,7,0.0145,0.6954
allocatur,訟費評定證明書,4,5,4,0.0146,0.5704
privilege,特權,8,8,8,0.0146,0.6724
for the time being,在當其時,8,8,8,0.0146,0.7347
closing,截止,8,8,8,0.0147,0.6188
inference,推斷,8,8,8,0.0147,0.7135
prior,優先,8,8,8,0.0147,0.6841
artificial insemination,人工受精,3,2,2,0.0147,0.7956
recognize,確認,8,8,8,0.0147,0.4864
furniture,固定附着物、裝置或家具,8,2,2,0.0147,0.6451
rigging,操控價格的行為,6,2,2,0.0147,0.4627
inform,告發,8,8,8,0.0148,0.6986
ascribe,屬,3,8,3,0.0148,0.4439
undischarged,未獲解除破產的人,8,8,8,0.0148,0.7159
Head of Government,政府首長,2,2,2,0.0148,0.709
precious,寶石,8,8,8,0.0148,0.5354
supranational,超國家機構,2,2,2,0.0148,0.315
article,物件,8,8,8,0.0149,0.7107
avoidance,使無效,8,8,8,0.0149,0.5209
leading,引導,8,8,8,0.0149,0.7104
listed,上市公司,8,8,8,0.0149,0.6131
saleable area,實用面積,8,8,8,0.0149,0.6677
spectrum,頻譜,8,8,8,0.0149,0.8108
Chief Magistrate,總裁判官,2,2,2,0.015,0.5058
in esse,確實存在,2,3,2,0.015,0.4809
primary,主要,8,8,8,0.015,0.6562
re-examination,覆問,8,8,8,0.015,0.6152
Senior Counsel; S.C.,資深大律師,8,8,8,0.015,0.73
interposed,中間人,8,8,8,0.015,0.5748
restore,還原,8,8,8,0.015,0.6508
satisfactory,令人信納的證據,8,3,3,0.015,0.6157
Senior Counsel,資深大律師,8,8,8,0.015,0.73
repeated,非只一次失效,8,2,2,0.015,0.553
subordinate,下屬,8,8,8,0.0151,0.6908
transitional,過渡,8,8,8,0.0151,0.7768
valid,有效,8,8,8,0.0151,0.7743
reciprocating,交互執行國,8,8,8,0.0151,0.7145
inert,《惰性氣體系統指南》,8,3,3,0.0151,0.6799
perpetuate,使證供得以繼續留存,2,3,2,0.0151,0.5282
profile,風險狀況,8,8,8,0.0151,0.545
up to date,反映現況,8,2,2,0.0151,0.7105
seriously,嚴重擾亂,8,2,2,0.0151,0.5134
acquisition,取得,8,8,8,0.0152,0.6187
at all material times,在所有關鍵時間,6,2,2,0.0152,0.4976
distress,扣押,8,8,8,0.0152,0.6467
jurat,誓章末處,8,8,8,0.0152,0.6784
concealment,隱瞞,8,8,8,0.0152,0.7165
re-election,再被選舉,8,3,3,0.0152,0.8017
evidentiary,舉證責任,3,8,3,0.0152,0.6441
age,年齡,8,8,8,0.0153,0.729
purpose,用途,8,8,8,0.0153,0.8065
privately,以私人身分,8,2,2,0.0153,0.591
infectious,傳染病,8,8,8,0.0153,0.7279
not registrable,不可註冊,8,4,4,0.0153,0.7385
librarian,圖書館館長,8,8,8,0.0153,0.7819
wilful,故意,8,8,8,0.0154,0.5357
according to,按,8,8,8,0.0154,0.5125
candour,誠信公正品格,2,2,2,0.0154,0.3767
close proximity,貼近,8,8,8,0.0154,0.837
cut-off,截數日期,8,4,4,0.0154,0.5877
chose,物,8,8,8,0.0155,0.5967
contemplation,考慮,8,8,8,0.0155,0.671
order,狀況,8,8,8,0.0155,0.7514
underground,地下,8,8,8,0.0155,0.7189
consider,考慮,8,8,8,0.0155,0.6329
creditworthiness,信用可靠性,8,2,2,0.0155,0.5923
decree nisi,暫准判令,8,8,8,0.0155,0.5684
difficulty,困難,8,8,8,0.0155,0.5971
erase,刪除,7,8,7,0.0155,0.6132
fire,火災危險,8,8,8,0.0155,0.7181
seaman,水手,8,8,8,0.0155,0.6944
clerical error,文書上的錯誤,8,8,8,0.0156,0.7473
solicitor,由大律師或律師代表,8,8,8,0.0156,0.5906
word,字,8,8,8,0.0156,0.7341
evacuation,撤離,8,8,8,0.0156,0.7978
excessive,明顯過重,8,2,2,0.0156,0.5103
criticism,批評,6,5,5,0.0156,0.6098
national,公民,8,8,8,0.0157,0.7279
commander,機長,8,8,8,0.0157,0.7962
contained,圍封使用,8,3,3,0.0157,0.5976
contradict,反駁,7,8,7,0.0157,0.5939
liquefied gas,液化氣體船,8,8,8,0.0157,0.7282
depreciation,貶值,8,8,8,0.0158,0.6096
founder member,創辦成員,8,8,8,0.0158,0.6852
abut,緊連,6,8,6,0.0158,0.5646
incapacitated,精神上無行為能力的人,8,8,8,0.0158,0.7228
market value,市值,8,8,8,0.0158,0.6025
boarding,寄宿學校,8,6,6,0.0158,0.5309
related company,關連公司,8,8,8,0.0159,0.7168
bulk,《散裝運輸危險化學品船舶構造和設備規則》,8,8,8,0.0159,0.5449
anonymous,匿名,5,8,5,0.0159,0.7313
contributor,供款人,8,8,8,0.0159,0.715
lunar,農曆月,7,3,3,0.0159,0.6725
prominently,顯明地,8,8,8,0.0159,0.6512
franchisee,獲授專營權者,6,3,3,0.016,0.5699
accretion,增值,8,8,8,0.016,0.7024
defalcation,虧空,8,8,8,0.016,0.7381
measurement,《1969年國際船舶噸位丈量公約》,8,2,2,0.016,0.6326
accidental,意外遺漏,8,8,8,0.016,0.6024
substantially,大致上,8,8,8,0.016,0.582
non-working,非工作日,6,8,6,0.016,0.4249
satire,諷刺,4,5,4,0.016,0.6596
Hong Kong Garrison,香港駐軍,8,8,8,0.016,0.6961
appear,應訊,8,8,8,0.0161,0.6578
deter,阻嚇,7,8,7,0.0161,0.6826
accordingly,據此解釋,8,8,8,0.0161,0.5643
contravention,違反,8,8,8,0.0161,0.7975
incidentally,附帶地,8,8,8,0.0161,0.706
abatement,減除,8,8,8,0.0162,0.6304
passing off,假冒,4,8,4,0.0162,0.6556
settlement,清繳,8,8,8,0.0162,0.5901
covert,秘密監察,8,8,8,0.0162,0.5992
transcription,謄本,8,8,8,0.0162,0.7384
building,建築,8,8,8,0.0163,0.7258
unification,合併,7,8,7,0.0163,0.7055
International Monetary Fund,國際貨幣基金,4,3,3,0.0163,0.6823
rescue,《國際航空和海上搜尋救助手冊》,8,2,2,0.0163,0.624
accept,承兌,8,8,8,0.0163,0.6701
accessible,可到達,8,8,8,0.0163,0.7237
argue,爭辯,2,8,2,0.0163,0.6904
intervener,介入者,8,2,2,0.0163,0.8211
non-effective,不再服務薪津,2,2,2,0.0163,0.4599
toll,收費,8,8,8,0.0163,0.5819
dominions,領土,7,8,7,0.0163,0.5761
gross,嚴重,8,8,8,0.0164,0.5929
assemble,聚集,8,8,8,0.0164,0.6868
non-commercial,非商業目,8,8,8,0.0164,0.7747
philanthropic,公益,4,6,4,0.0164,0.7336
abnormality,神志失常,5,2,2,0.0164,0.6953
commerce,商事,8,8,8,0.0165,0.6145
insubordination,不服從上級,6,4,4,0.0165,0.74
rating,評級,8,8,8,0.0165,0.6029
redeemable shares,可贖回股份,8,8,8,0.0165,0.7921
undertake,承擔,8,8,8,0.0165,0.6148
at call,通知存款,8,8,8,0.0165,0.4973
pre-tax,除稅前利潤,3,4,3,0.0165,0.7121
sales,銷售量,8,3,3,0.0165,0.6015
survey,檢驗,8,8,8,0.0165,0.6295
waive,免除,8,8,8,0.0165,0.7622
Collector,印花稅署署長,8,6,6,0.0165,0.5156
gaseous,氣體燃料,8,8,8,0.0165,0.6145
head of damages,損害賠償項目,2,2,2,0.0166,0.6614
accumulate,累積,8,8,8,0.0166,0.6698
vacancy,空缺,8,8,8,0.0166,0.5818
parody,戲仿,4,4,4,0.0166,0.6558
amends,賠償,8,8,8,0.0167,0.652
transient,短暫,5,8,5,0.0167,0.6311
blameworthiness,過失責任,3,2,2,0.0167,0.5551
exchange traded fund,交易所買賣基金,8,8,8,0.0167,0.8409
leviable,可徵費,8,2,2,0.0167,0.597
Registrar,職工會登記局局長,8,2,2,0.0167,0.5686
admonition,訓誡,2,8,2,0.0168,0.7209
controlling,控權實體,8,8,8,0.0168,0.741
boundary,土地界線,8,8,8,0.0168,0.6512
distinctly,明確,8,8,8,0.0168,0.6739
precedence,排名,8,8,8,0.0168,0.6166
deep,龐大、具深度及活躍的市場,8,7,7,0.0168,0.4692
civil,公民,8,8,8,0.0169,0.6572
co-operative entity,合作實體,2,2,2,0.0169,0.7534
libel,永久形式誹謗,8,8,8,0.0169,0.7821
stay,擱置,8,8,8,0.0169,0.64
grossly,嚴重疏忽,4,8,4,0.0169,0.5136
subsist,存續,8,8,8,0.0169,0.5563
tender,呈交,8,8,8,0.017,0.6951
personnel,聯合國人員,8,8,8,0.017,0.6103
obscene,淫褻,8,8,8,0.017,0.7672
physically,身體上無能力,8,5,5,0.017,0.6849
whichever,視何者適用而定,8,8,8,0.017,0.7009
deductible,可扣除,8,8,8,0.0171,0.7028
ordinary,一般,8,8,8,0.0171,0.5819
earning,賺取收入能力,8,7,7,0.0171,0.5243
escalator,自動梯,8,8,8,0.0171,0.8436
replica,複製本,8,8,8,0.0171,0.7651
accounting,會計,8,8,8,0.0172,0.7691
cross-petition,交相呈請,2,2,2,0.0172,0.4799
next friend,訴訟保護人,8,2,2,0.0172,0.5771
reservation,保留,8,8,8,0.0172,0.714
chit-fund,銀會,7,8,7,0.0172,0.6331
faithfully,忠誠地,2,3,2,0.0172,0.665
impair,損害,8,8,8,0.0172,0.6004
outright,徹底,2,8,2,0.0172,0.4655
solicitor-client,律師與當事人間特權,2,2,2,0.0172,0.6949
user,使用者,8,8,8,0.0173,0.766
aggregation,合計,8,8,8,0.0173,0.6324
diminish,減輕,8,8,8,0.0173,0.6017
reassessment,重新評稅,2,3,2,0.0173,0.5421
validated,認可,8,8,8,0.0173,0.6404
mediate,調停,2,8,2,0.0174,0.6686
desire,意欲,8,8,8,0.0174,0.6054
in kind,實物,8,8,8,0.0174,0.7428
on-balance,資產負債表內風險承擔,8,8,8,0.0174,0.7456
non-recurring,當前及非經常需要,6,4,4,0.0174,0.6994
unleased,佔用未批租土地,8,8,8,0.0175,0.503
essence,要素,8,8,8,0.0175,0.693
allowable,可容許,8,8,8,0.0175,0.6566
brokerage,經紀費,8,8,8,0.0175,0.6138
freely,自願,8,8,8,0.0175,0.4875
habitation,居住,8,8,8,0.0175,0.5895
incitement,煽惑,8,8,8,0.0175,0.7344
mortgaged,已作按揭,8,6,6,0.0176,0.6696
invalid,無效,8,8,8,0.0176,0.7389
appointer,指定人,3,8,3,0.0176,0.5408
invention,對該項發明的可享專利性的論述,8,2,2,0.0176,0.5265
radioactive,放射性物質,8,8,8,0.0176,0.8479
minimal,輕微,8,8,8,0.0176,0.7151
application,申請,8,8,8,0.0177,0.6837
dissolution,終止,8,8,8,0.0177,0.4639
designated,指定範圍,8,8,8,0.0177,0.6942
duration,持續的時間,8,8,8,0.0177,0.6845
indemnified,獲彌償保障者,8,8,8,0.0177,0.6176
defended,有抗辯訴訟,8,3,3,0.0177,0.6159
corporal,體罰,4,2,2,0.0177,0.7551
assurance,保險,8,8,8,0.0178,0.7559
depose,宣誓證明,6,7,6,0.0178,0.7619
interim,中期,8,8,8,0.0178,0.537
memorandum,備忘錄,8,8,8,0.0178,0.735
compassionate,恩恤理由,3,2,2,0.0178,0.6006
dedicated,專用,8,8,8,0.0178,0.5573
nolle prosequi,中止檢控,6,6,6,0.0178,0.5517
performing,表演的權利,8,6,6,0.0178,0.6374
strategy,策略,8,8,8,0.0178,0.7151
letters of administration,遺產管理書,8,8,8,0.0178,0.7483
prefer,合法提出,8,2,2,0.0178,0.6477
typographical,排印或文書方面的錯誤,8,4,4,0.0178,0.5965
indorsee,承背書人,5,5,5,0.0179,0.5746
occasion,因應情況所需,8,6,6,0.0179,0.6335
survive,存續,8,8,8,0.0179,0.5918
promissory note,承付票,8,8,8,0.0179,0.7047
realized profit,已實現利潤,8,6,6,0.0179,0.7689
deleterious,有害的物質,5,5,5,0.0179,0.8236
Deputy Presiding Officer,副投票站主任,6,3,3,0.0179,0.6875
functioning,智能,8,4,4,0.0179,0.6266
journal,期刊,8,8,8,0.0179,0.6672
matched,配對,8,8,8,0.0179,0.6626
successor,繼任人,8,8,8,0.018,0.6314
work,作品,8,8,8,0.018,0.7105
eventual,最終,5,8,5,0.018,0.6126
musical,音樂聲音紀錄,8,4,4,0.018,0.6164
procurement,促致,8,8,8,0.0181,0.5669
mission,使館,8,2,2,0.0181,0.5186
combination,組合,8,8,8,0.0181,0.827
saleable,不能隨時出售,8,3,3,0.0181,0.6482
exist,不再存在,8,8,8,0.0181,0.5948
specially,一般地或特別地,8,4,4,0.0181,0.6982
garrison,駐軍,8,8,8,0.0181,0.5403
artificial,人工,8,8,8,0.0182,0.6938
construction,解釋,8,8,8,0.0182,0.6448
desertion,棄置,2,8,2,0.0182,0.5311
induce,誘使,8,8,8,0.0182,0.7371
influence,影響,8,8,8,0.0182,0.6753
maturity,到期,8,8,8,0.0182,0.6571
unqualified person,不合資格人士,8,8,8,0.0182,0.7259
arrears,欠款,8,8,8,0.0182,0.5821
suppress,抑制,7,8,7,0.0182,0.5765
retainer,聘用,8,8,8,0.0183,0.6362
supervisory,監督,8,8,8,0.0183,0.56
denomination,宗派,8,2,2,0.0183,0.6017
dominant,主要目,8,8,8,0.0183,0.4968
profit and loss,利潤及虧損,8,8,8,0.0183,0.7308
Deed of Mutual Covenant,公契,8,8,8,0.0184,0.657
contribution,供款,8,8,8,0.0184,0.6999
solvency,有償債能力證明書,8,4,4,0.0184,0.6191
opponent,反對人,8,8,8,0.0184,0.7179
wish,不欲,8,8,8,0.0184,0.6475
citation,引用,8,8,8,0.0185,0.6943
mesne,中間,6,8,6,0.0185,0.6238
remission,減免,8,8,8,0.0185,0.7291
destructive,殘害性物品,6,4,4,0.0185,0.8063
in being,在世,8,8,8,0.0185,0.6813
answerable,應負責,8,3,3,0.0186,0.6928
in the meantime,在此期間,8,8,8,0.0186,0.6303
box,陪審團席,8,7,7,0.0186,0.5764
erasure,刪除,8,8,8,0.0187,0.7211
passage,通過權,8,3,3,0.0187,0.5712
in lieu,代用證明書,8,4,4,0.0187,0.47
recurrent,經常性開支,8,2,2,0.0187,0.5375
air transhipment cargo,航空轉運貨物,8,8,8,0.0188,0.7821
conditional,有條件,8,8,8,0.0188,0.7336
derogate,廢除,8,8,8,0.0188,0.6659
original,原來,8,8,8,0.0188,0.6817
root,根本,8,3,3,0.0188,0.5183
prohibit,禁止,8,8,8,0.0188,0.7272
rabies,狂犬病控制區,8,6,6,0.0188,0.6338
honour,遵守,8,8,8,0.0189,0.6674
indigenous inhabitant,原居民,8,8,8,0.0189,0.5999
scheme,計劃,8,8,8,0.0189,0.7206
designation,《經濟合作與發展組織指引——為轉基因植物指定獨特標識》,8,2,2,0.0189,0.5797
financier,出資人,8,2,2,0.0189,0.5529
intangible,無形,8,8,8,0.0189,0.7086
subsequently,後來,8,8,8,0.0189,0.5787
wherever,在切實可行範圍內,8,8,8,0.0189,0.5695
secretary,秘書,8,8,8,0.019,0.6575
self-education,個人進修開支,4,4,4,0.019,0.5146
dependency,依賴,8,8,8,0.0191,0.6075
object,目的,8,8,8,0.0191,0.6714
use,使用,8,8,8,0.0191,0.7852
doubtful debt,呆帳,8,8,8,0.0191,0.665
conspicuously,顯明地,8,8,8,0.0191,0.7998
statistics,統計數字,8,8,8,0.0191,0.5913
intermodal,指明聯運轉運貨物,2,2,2,0.0191,0.6618
liquid,國際有毒液體物質證書,8,7,7,0.0192,0.6697
build-up,建立期徵費,6,4,4,0.0192,0.5634
life,壽命,8,8,8,0.0193,0.6354
marine,海上,8,8,8,0.0193,0.76
means of identity,身分證明文件,3,8,3,0.0193,0.6681
affirmative vote,贊成票,5,8,5,0.0193,0.74
containment,困囿,8,3,3,0.0193,0.5686
embark,展開,8,8,8,0.0193,0.6629
higher rights of audience,較高級法院出庭發言權證書,8,2,2,0.0193,0.6481
viability,持續經營能力,8,4,4,0.0193,0.7603
guardian,監護人,8,8,8,0.0194,0.72
speech,言論,8,4,4,0.0194,0.7126
counter-statement,反陳述,8,8,8,0.0194,0.7512
movable,動產,8,8,8,0.0194,0.7086
nominee,代名人,8,8,8,0.0194,0.6687
advocate,訟辯人,8,8,8,0.0195,0.6132
assume,假設,8,8,8,0.0195,0.6821
non-listed company,非上市公司,2,8,2,0.0195,0.6492
orders,警察通例,8,4,4,0.0195,0.4963
tally,脗合,4,8,4,0.0195,0.4298
accounting professional,會計專業人士,8,8,8,0.0195,0.7735
repository,貯存庫,8,2,2,0.0195,0.5704
mercury,汞,8,8,8,0.0195,0.8219
out,套現,8,8,8,0.0195,0.6986
juvenile,少年罪犯,8,8,8,0.0196,0.7367
oblige,無義務,8,8,8,0.0196,0.6963
privileged,享有特權,8,8,8,0.0196,0.728
winding up,強制清盤,8,3,3,0.0196,0.6106
noxious,國際有毒液體物質證書,8,7,7,0.0196,0.6376
in operation,正在營運,8,4,4,0.0196,0.6594
seduction,誘姦,6,5,5,0.0196,0.5466
appearance,出庭,8,8,8,0.0197,0.7049
insult,侮辱,7,8,7,0.0197,0.7499
nationality,國籍,8,8,8,0.0197,0.6
procedure,程序,8,8,8,0.0197,0.7254
abnormality of mind,神志失常,2,2,2,0.0197,0.7208
by resolution,藉通過決議,8,8,8,0.0197,0.6633
Capital Works Reserve Fund,基本工程儲備基金,2,2,2,0.0197,0.6692
elevation,立面,8,6,6,0.0197,0.6089
incompetency,不稱職,5,8,5,0.0197,0.6449
photograph,鳥瞰照片,8,5,5,0.0197,0.6535
concealed,隱藏物品,8,6,6,0.0197,0.7311
uninhabited,非居住間,2,2,2,0.0197,0.4715
outstanding,未償付,8,5,5,0.0198,0.4163
as the case may be,視屬何情況而定,8,8,8,0.0198,0.7197
buy,買入,8,8,8,0.0198,0.6187
conceal,隱藏,8,8,8,0.0198,0.7235
monsoon,強烈季候風信號,2,2,2,0.0198,0.4258
partial,局部,8,8,8,0.0199,0.5459
secret,秘密,8,8,8,0.0199,0.6858
upset,作廢,2,8,2,0.0199,0.6511
repossessed,經收回資產,2,2,2,0.0199,0.7147
stipulation,條款,8,8,8,0.02,0.6987
actuarial,精算,8,8,8,0.02,0.5589
autumn,秋季開庭期,3,3,3,0.02,0.7167
coded,以密碼存錄的資料,8,2,2,0.02,0.6191
in advance,預先繳付,8,8,8,0.02,0.5691
in place of,取代,8,8,8,0.02,0.6598
intra-group,集團內部融資業務,8,4,4,0.02,0.6905
redeliver,再交付,3,8,3,0.02,0.7268
saving provision,保留條文,8,8,8,0.02,0.6775
concessionary,關乎獲特惠的營業收入的未吸納虧損,8,5,5,0.02,0.6914
apparent,表面上,8,8,8,0.0201,0.6701
change of solicitor,轉換律師,8,8,8,0.0201,0.6751
functional,功能界別,8,8,8,0.0201,0.6228
genetic,血親關係,8,8,8,0.0201,0.5862
shell,持物業空殼公司,8,8,8,0.0201,0.5101
United Kingdom Patent Office,聯合王國專利局,2,2,2,0.0202,0.6943
decide,判定,8,8,8,0.0202,0.6728
disposal,安排,8,8,8,0.0202,0.7156
Land Registry,土地註冊處,8,8,8,0.0202,0.6942
inferior court,下級法庭,3,8,3,0.0202,0.6533
liquefied,《國際散裝運輸液化氣體船舶構造和設備規則》,8,4,4,0.0202,0.6362
chose in action,據法權產,8,8,8,0.0202,0.5936
after the fact,事後,2,8,2,0.0203,0.6074
confer,給予,8,8,8,0.0203,0.6098
establish,確立,8,8,8,0.0203,0.5981
family,家事,8,8,8,0.0203,0.5533
join,共同,8,8,8,0.0203,0.6476
replace,更換,8,8,8,0.0203,0.6515
acquire,收集,8,8,8,0.0203,0.6189
barrator,唆訟者,2,2,2,0.0203,0.5037
exceed,超逾,8,8,8,0.0203,0.7236
planning,規劃,8,8,8,0.0203,0.714
bankruptcy,破產法律程序,8,8,8,0.0205,0.6864
granting,發放,8,8,8,0.0205,0.6881
latest,最近期,8,8,8,0.0205,0.6879
sensitive,敏感街道,8,2,2,0.0205,0.6674
neuter,“捕捉、絕育、放回”機制,2,2,2,0.0205,0.273
access,有權接觸,8,4,4,0.0206,0.6711
endowment,儲蓄壽險,8,2,2,0.0206,0.6754
injury,傷害,8,8,8,0.0206,0.7719
quash,宣布無效,8,8,8,0.0206,0.6577
segregated account,獨立帳戶,8,8,8,0.0206,0.7388
think,覺得,8,8,8,0.0206,0.7529
balance,相對可能性,8,8,8,0.0206,0.6374
editorial,編輯方面的更改,8,2,2,0.0206,0.4871
sub-purchaser,轉購人,5,4,4,0.0206,0.635
of public interest,公眾所關注,8,5,5,0.0206,0.7447
abstain,放棄表決,8,4,4,0.0207,0.5691
breach,違反,8,8,8,0.0207,0.7471
interrogate,質詢,3,8,3,0.0207,0.6271
co-partnership,共同合夥,2,8,2,0.0207,0.5651
incorporation,法團註冊證書,8,3,3,0.0207,0.5097
teller,自動櫃員機,5,5,5,0.0207,0.7665
decree,離婚判令,8,8,8,0.0208,0.585
oversee,監督,8,8,8,0.0208,0.4879
entail,引起,6,8,6,0.0208,0.664
increase,增加額,8,8,8,0.0208,0.6675
negligent,嚴重疏忽,8,8,8,0.0208,0.6676
reasonably,合理地相信,8,8,8,0.0208,0.6408
fullest,盡可能,8,8,8,0.0208,0.7023
provident,強制性公積金計劃,8,8,8,0.0208,0.6831
pastiche,模仿,4,8,4,0.0208,0.6532
stamp,印花,8,8,8,0.0209,0.6331
deduction,扣除,8,8,8,0.0209,0.5547
egress,出入,8,8,8,0.0209,0.7276
gold,金錠,8,8,8,0.0209,0.7021
systemic,系統重要性,8,8,8,0.0209,0.6995
caricature,營造滑稽,4,4,4,0.0209,0.6662
half blood,半血親,8,8,8,0.021,0.585
lien,海上留置權,8,2,2,0.021,0.5767
prevailing,主要,8,8,8,0.021,0.5899
office-holder,有關人員,8,8,8,0.021,0.6177
insider,內幕交易,8,8,8,0.021,0.7323
Sciences,中國科學院,8,3,3,0.021,0.6208
spot,即期,8,6,6,0.0211,0.6604
succeed,勝訴,8,8,8,0.0211,0.6174
concurrence,同意,8,8,8,0.0211,0.611
appropriation,撥付,8,8,8,0.0212,0.6299
in arrears; in arrear,拖欠,8,8,8,0.0212,0.5264
wardship,監護,5,8,5,0.0212,0.5835
compound,了結,8,8,8,0.0212,0.6801
infirmity,衰弱,8,8,8,0.0212,0.5634
inherently,本身,5,8,5,0.0212,0.5697
not exceeding,不超過,8,8,8,0.0212,0.8236
sub-delegation,再轉委,7,4,4,0.0212,0.5849
threat,威脅,8,8,8,0.0212,0.8185
unlikely,相當可能不會,8,8,8,0.0212,0.6318
counterpart,對應本,8,8,8,0.0213,0.7211
parte,一方,8,8,8,0.0213,0.6475
priority,優先權,8,8,8,0.0213,0.7667
figure,百分率數字,8,4,4,0.0213,0.5999
intervention,干預,8,8,8,0.0213,0.6403
printer,承印人,8,8,8,0.0213,0.7954
unascertained,未經確定的申索人,8,4,4,0.0213,0.608
best,最佳,8,8,8,0.0214,0.6654
chambers,內庭,8,8,8,0.0214,0.6883
Judicial Clerk,司法書記,8,8,8,0.0214,0.6586
justice,公正,8,8,8,0.0214,0.6822
drawback,退稅,2,5,2,0.0214,0.6188
volume,案卷,8,8,8,0.0214,0.6351
group of companies,公司集團,8,8,8,0.0215,0.765
equipment,《國際散裝運輸液化氣體船舶構造和設備規則》,8,4,4,0.0215,0.5687
harm,身體嚴重傷害,8,4,4,0.0215,0.769
particulars,申索詳情,8,8,8,0.0215,0.4843
reproduce,重現,8,8,8,0.0215,0.6766
specifically,特別拒認,8,4,4,0.0215,0.5574
whole,整體地,8,8,8,0.0215,0.6548
accommodate,容許使用,8,8,8,0.0215,0.7049
conventional,常規,8,8,8,0.0216,0.6427
unsound mind,精神不健全,8,8,8,0.0216,0.713
easily,容易到達,8,8,8,0.0216,0.6972
initiate,提起法律程序,8,8,8,0.0216,0.6613
injured,受傷害者,8,4,4,0.0216,0.7069
unsound,精神不健全,8,8,8,0.0216,0.7057
to the best of,盡宣誓人所能,8,8,8,0.0216,0.6388
bearing,盾徽,8,3,3,0.0216,0.5004
unsoundness,精神不健全,4,8,4,0.0216,0.6061
Private Sector Participation Scheme,私人機構參建居屋計劃,8,8,8,0.0216,0.7832
approve,批准,8,8,8,0.0217,0.6317
ashes,骨灰,8,8,8,0.0217,0.7533
make good,修復,8,8,8,0.0217,0.7436
tenor,要旨,8,8,8,0.0217,0.5012
differ,在要項上有所分別,8,8,8,0.0217,0.6495
phase,未落成期數,8,7,7,0.0217,0.6189
parcel,地段,8,8,8,0.0218,0.7503
airspace,上空,8,8,8,0.0218,0.6541
accidentally,意外污損,8,8,8,0.0218,0.8377
accrued,累算權益,8,8,8,0.0218,0.7017
likewise,同樣地,8,8,8,0.0218,0.6072
market town,墟鎮,8,8,8,0.0218,0.6623
non-listed,非上市公司,2,8,2,0.0218,0.6348
identifying,鑑別資料,8,3,3,0.0219,0.6192
validly,有效地,8,8,8,0.0219,0.5864
investee,獲投資公司,8,7,7,0.0219,0.6382
uncorroborated,無佐證證據,4,3,3,0.0219,0.6485
concrete,實質,8,8,8,0.022,0.608
observation,觀察,8,8,8,0.022,0.7856
banking,銀行帳持倉,8,4,4,0.022,0.6772
child,兒童,8,8,8,0.0221,0.6207
unliquidated,未算定,8,2,2,0.0221,0.625
whole blood,全血親,8,8,8,0.0221,0.75
adversely,不利,8,8,8,0.0221,0.738
impracticable,不切實可行,8,8,8,0.0221,0.6015
notwithstanding,不論,8,8,8,0.0221,0.6902
summarize,撮述,2,6,2,0.0221,0.6171
unrated,無評級,8,8,8,0.0221,0.6155
labouring,損害防止條款,3,3,3,0.0222,0.4438
disruption,干擾,8,8,8,0.0222,0.6099
severable,可分割,7,8,7,0.0222,0.5164
step parent,繼父母,8,8,8,0.0222,0.6153
barrier,障礙,8,8,8,0.0222,0.5942
legal aid,法律援助,8,8,8,0.0222,0.7761
persist,存活,2,4,2,0.0222,0.6826
professionally,具有專業資格,8,2,2,0.0222,0.5704
reassignment,再轉讓,4,8,4,0.0222,0.7318
required,規定技能,8,6,6,0.0222,0.6352
sergeant,警長,8,8,8,0.0222,0.7559
superior,高級法院,8,8,8,0.0222,0.6212
repayment,付還,8,8,8,0.0223,0.7725
state,國家,8,8,8,0.0223,0.7115
instantaneously,瞬時,3,6,3,0.0223,0.7321
non-established,非設定職位,8,8,8,0.0223,0.6571
untrue,失實,8,8,8,0.0223,0.7416
version,版本,8,8,8,0.0223,0.7518
counterfoil,存根,7,8,7,0.0223,0.5938
annul,作廢,8,8,8,0.0224,0.5543
premises,處所,8,8,8,0.0224,0.7132
projection,估計,8,8,8,0.0224,0.6642
rescind,廢除,8,8,8,0.0224,0.6704
Presenting Officer,提控官,8,8,8,0.0224,0.766
relation,外交關係,8,4,4,0.0224,0.6252
appointed,指定日期,8,8,8,0.0224,0.6629
drainage,排出物,8,8,8,0.0224,0.6655
insufficient,沒有足夠證據,8,6,6,0.0224,0.516
collateral,從屬,8,8,8,0.0225,0.6426
proposal,建議,8,8,8,0.0225,0.6103
inter-governmental,政府間組織,3,4,3,0.0225,0.715
borrowing,未清償債項,8,3,3,0.0225,0.5481
donation,募捐,8,3,3,0.0225,0.6437
urban,市區,8,8,8,0.0225,0.6942
European Patent Office,歐洲專利局,4,4,4,0.0226,0.7358
capital,本金,8,8,8,0.0226,0.6445
complainant,事主,8,8,8,0.0226,0.7436
changer,貨幣兌換商,8,8,8,0.0226,0.8245
Hong Kong domiciled scheme,以香港為本籍的計劃,2,2,2,0.0226,0.6981
known,最後為人所知,8,8,8,0.0226,0.7366
legatee,受遺贈人,3,2,2,0.0226,0.5468
bespeak,表明,8,8,8,0.0227,0.6815
disburse,墊付,3,8,3,0.0227,0.6087
grantee,受款人,8,8,8,0.0227,0.6811
Executive Director,執行董事,8,8,8,0.0227,0.675
closely,有密切聯繫,8,8,8,0.0227,0.5192
government bond,政府債券,8,8,8,0.0227,0.7774
immigrant,入境者,3,6,3,0.0227,0.6286
set off,抵銷,8,8,8,0.0227,0.7133
noise,消減噪音通知書,8,5,5,0.0227,0.5951
share capital,股本,8,8,8,0.0227,0.6988
divulge,泄漏,8,8,8,0.0228,0.6423
insider dealing,內幕交易,8,8,8,0.0228,0.7528
violation,性侵犯,4,2,2,0.0228,0.702
Master,聆案官,8,8,8,0.0228,0.555
documentary,文件,8,8,8,0.0229,0.5521
equitable,公平,8,8,8,0.0229,0.7185
expedient,有利,8,8,8,0.0229,0.6515
indorsement,加簽,8,8,8,0.0229,0.6681
announcement,公告,8,8,8,0.0229,0.6023
citable,可引述,5,5,5,0.0229,0.6343
good faith,真誠,8,8,8,0.0229,0.6562
revert,復歸予,8,8,8,0.0229,0.5732
trap,受困,8,2,2,0.0229,0.4631
against,不利於,8,8,8,0.023,0.6856
description,說明,8,8,8,0.023,0.6785
document,以疊計的文件,8,4,4,0.023,0.6292
gazette,刊登於憲報,8,8,8,0.023,0.7578
liquidated,定額,8,8,8,0.023,0.6869
necessary,必要,8,8,8,0.023,0.7942
prescribed,訂明,8,8,8,0.023,0.8012
kit fat,髮妻,6,3,3,0.023,0.4804
re-establish,重新設立,3,3,3,0.023,0.6661
wording,字眼,8,8,8,0.023,0.7486
unconsolidated,非綜合基礎,8,8,8,0.023,0.6327
posting,郵遞證明書,8,8,8,0.023,0.6194
de facto,事實上,2,8,2,0.0231,0.612
liquidator,清盤人,8,8,8,0.0231,0.6816
reconstruction,重整,8,8,8,0.0231,0.7073
negotiable,可流轉,8,8,8,0.0231,0.6832
vouchers,付款憑單,8,8,8,0.0231,0.5961
bank,銀行,8,8,8,0.0232,0.7645
concur,共同,8,8,8,0.0232,0.7181
counsel,大律師,8,8,8,0.0232,0.6906
propose,建議,8,8,8,0.0232,0.5947
ending,完結,8,8,8,0.0232,0.6851
penal,刑罰方面,7,2,2,0.0233,0.5836
reasonably foreseeable,可合理預見,8,8,8,0.0233,0.7048
in common,分權擁有人,8,2,2,0.0233,0.7422
material particular,要項,8,8,8,0.0233,0.5337
covenantee,契諾受益人,4,4,4,0.0234,0.519
expenditure,開支,8,8,8,0.0234,0.6787
expert,專家,8,8,8,0.0234,0.7685
refute,否認,4,8,4,0.0234,0.6145
qualifying credit rating,合資格信貸評級,4,4,4,0.0234,0.7976
relinquish,放棄,5,8,5,0.0234,0.6292
environmentally,合乎環境無害化的方式,8,2,2,0.0234,0.5675
customs duty,關稅,2,8,2,0.0235,0.7297
aware,察覺,8,8,8,0.0235,0.6534
redeemable,可贖回,8,8,8,0.0235,0.6273
notary public,公證人,8,8,8,0.0236,0.7192
advisability,可取性,2,2,2,0.0236,0.5527
apply,停止適用於,8,8,8,0.0236,0.752
belongings,個人物品,8,3,3,0.0236,0.6881
deceive,意圖欺騙,8,8,8,0.0236,0.7597
heading,標題,8,8,8,0.0236,0.7922
personality,法人資格,8,7,7,0.0236,0.7155
widower,鰥夫,8,8,8,0.0236,0.6929
waiver,免除,8,8,8,0.0237,0.7217
designate,指定,8,8,8,0.0237,0.7451
gazetted,憲委級人員,8,3,3,0.0237,0.5138
Hong Kong Police Reserve,香港後備警察,3,2,2,0.0237,0.6966
restatement,重新呈述,2,2,2,0.0237,0.7765
devoid of,欠缺,2,8,2,0.0238,0.6044
environmental,環境許可證,8,8,8,0.0238,0.7051
uncovered,不受信用保障涵蓋部分,8,8,8,0.0238,0.5421
extortionate,敲詐性,2,2,2,0.0239,0.7742
certificate,證明書,8,8,8,0.0239,0.7938
Ordinary Assessment Board,普通評估委員會,8,8,8,0.0239,0.6676
variation,更改,8,8,8,0.0239,0.591
note-issuing bank,發鈔銀行,8,8,8,0.0239,0.7604
contiguous,鄰近,8,8,8,0.0239,0.6782
Sandwich Class Housing Scheme,夾心階層住屋計劃,4,4,4,0.0239,0.725
lapse,時效消失,8,8,8,0.024,0.5793
break,使用武力進入,8,8,8,0.024,0.6684
entertain,受理,8,8,8,0.024,0.5613
evidencing,證明,8,8,8,0.024,0.6216
from time to time,不時,8,8,8,0.024,0.7705
mainly,完全或主要,8,8,8,0.024,0.6992
expenses,費用,8,8,8,0.0241,0.676
falsehood,虛假,2,8,2,0.0241,0.7148
relationship,親屬關係,8,6,6,0.0241,0.5558
accommodation,住屋,8,6,6,0.0241,0.5469
Exchange Fund,外匯基金,8,8,8,0.0241,0.7771
president,法庭主審人,8,2,2,0.0241,0.6258
tank,集存艙,8,3,3,0.0241,0.6333
teaching,講授,8,3,3,0.0241,0.6782
indebtedness,債項,8,8,8,0.0242,0.7593
non-refoulement protection,免遣返保護,3,3,3,0.0242,0.6667
remedial,補救,8,8,8,0.0242,0.7374
identification document,身分證明文件,8,8,8,0.0242,0.771
as appropriate,視何者適用而定,8,8,8,0.0242,0.6955
bad faith,不真誠,8,8,8,0.0242,0.7596
rendering,給付,8,6,6,0.0242,0.6434
infected,受感染的人,8,2,2,0.0243,0.7052
approving,批准當局,8,8,8,0.0243,0.5985
estimation,估算,8,8,8,0.0243,0.6321
harmony,和諧,3,4,3,0.0243,0.7451
in place,設有,8,8,8,0.0243,0.5611
stipulate,訂定,8,8,8,0.0243,0.6627
complement,補充,8,8,8,0.0244,0.5424
flammable,易燃液體,8,8,8,0.0244,0.714
adjudge,被判定破產,8,8,8,0.0245,0.6582
legally,在法律上,8,8,8,0.0245,0.7105
per diem,按日,5,8,5,0.0245,0.6449
arm,基於各自獨立利益,8,8,8,0.0245,0.4883
pendency,待決期間,7,8,7,0.0245,0.667
trustworthy,可靠,2,8,2,0.0245,0.7109
unclaimed,無人申索,8,8,8,0.0245,0.6715
governor,董事會,8,8,8,0.0245,0.4877
with respect to,適用於,8,8,8,0.0245,0.6216
on its own initiative,主動,8,8,8,0.0245,0.5804
Estate Agents Authority,地產代理監管局,7,7,7,0.0245,0.7552
self-employed person,自僱人士,8,8,8,0.0246,0.6147
earth,地球站,8,8,8,0.0246,0.7792
fieri facias,財物扣押,8,8,8,0.0246,0.5629
visitation,視察,3,8,3,0.0246,0.6676
fund,基金,8,8,8,0.0247,0.7082
inland lot,內地段,8,8,8,0.0247,0.6602
gas,《惰性氣體系統指南》,8,3,3,0.0247,0.6553
honestly,誠實地相信,8,8,8,0.0247,0.6787
step-child,繼子女,8,8,8,0.0247,0.6374
step-parent,繼父母,8,8,8,0.0247,0.7374
pertinent,相關資料,8,8,8,0.0247,0.7211
in bad faith,不真誠地,5,5,5,0.0247,0.4518
ignore,不理會,2,8,2,0.0247,0.6438
District Committee,地區委員會界別,8,8,8,0.0247,0.7743
proxy,投票代表,8,8,8,0.0248,0.7516
articled clerk,見習律師,2,2,2,0.0248,0.4084
federation,聯會,8,8,8,0.0248,0.6681
gathering,聚集,8,8,8,0.0248,0.7265
superintend,監督,4,8,4,0.0248,0.6009
select committee,專責委員會,3,8,3,0.0248,0.7318
discrepancy,不相符之處,8,4,4,0.0249,0.6133
courtroom,法庭,6,8,6,0.0249,0.692
triable,可循公訴程序審訊,8,8,8,0.0249,0.7019
with due care,以應有的謹慎,2,3,2,0.0249,0.6215
tertiary,專上學院,8,8,8,0.0249,0.6178
advice,意見,8,8,8,0.025,0.732
procedural,程序上,8,8,8,0.025,0.713
alive,在生,8,8,8,0.025,0.5848
in office,前任人,8,8,8,0.025,0.6647
lot,地段,8,8,8,0.025,0.6488
curtilage,範圍,8,8,8,0.0251,0.5541
retailer,零售商牌照,8,8,8,0.0251,0.6328
orally,口頭上,8,2,2,0.0252,0.7038
want of,欠缺,8,8,8,0.0252,0.6675
receiving order,接管令,3,5,3,0.0252,0.6926
post,領館,8,8,8,0.0252,0.5452
certify,核證為正確,8,8,8,0.0252,0.6946
mandamus,履行責任令,8,2,2,0.0252,0.5685
quarterly,季度報告,8,8,8,0.0252,0.588
execution,簽立,8,8,8,0.0253,0.715
representative,代理人,8,8,8,0.0253,0.5079
questionable,有問題,4,8,4,0.0253,0.4765
examined,經審核副本,8,2,2,0.0253,0.6466
impersonation,冒充別人,5,4,4,0.0254,0.7034
knowledge,知悉,8,8,8,0.0254,0.6023
ill-treat,惡待,3,2,2,0.0254,0.746
mature,到期,3,8,3,0.0254,0.5909
presume,不可推翻地推定為,8,5,5,0.0254,0.6195
detrimentally,嚴重影響,4,8,4,0.0254,0.601
tortious act,侵權行為,2,8,2,0.0255,0.6672
purport,其意是,8,8,8,0.0255,0.598
appointee,獲委任的人,3,8,3,0.0255,0.7212
beneficially,有實益權,8,8,8,0.0255,0.693
damaging,具損害性的披露,8,5,5,0.0255,0.568
agree,同意,8,8,8,0.0256,0.6502
unrepresented,無律師代表,7,8,7,0.0256,0.6533
agreed,同意的事實,8,5,5,0.0256,0.5359
celebration,舉行婚禮,8,8,8,0.0256,0.7422
Chief Inspector,總督察,8,8,8,0.0256,0.7611
provoke,激使,4,2,2,0.0256,0.7475
severally,各別,8,8,8,0.0256,0.657
codicil,遺囑修訂附件,8,5,5,0.0257,0.5769
mentally,精神上,8,8,8,0.0257,0.6797
aerial,鳥瞰照片,8,5,5,0.0257,0.6069
demarcation,劃定,2,8,2,0.0257,0.6631
dissolve,解散,8,8,8,0.0257,0.6481
employable,可合法受僱,4,4,4,0.0257,0.6721
offshore,離岸計劃,8,4,4,0.0257,0.6922
together,共同行事,8,8,8,0.0257,0.6104
religious,宗教信仰,8,4,4,0.0257,0.6473
suitably,具有適當資格,8,8,8,0.0257,0.7012
associated,有聯繫,8,8,8,0.0258,0.6112
limited,有限,8,8,8,0.0258,0.7751
survivor,尚存者,8,8,8,0.0258,0.7108
recurrent expenditure,經常性開支,6,2,2,0.0258,0.6412
Assistant Presiding Officer,助理投票站主任,6,5,5,0.0258,0.5765
in writing,以書面,8,8,8,0.0258,0.7065
vesting,轉歸,8,8,8,0.0258,0.5109
acquiesce,默許,2,8,2,0.0259,0.5328
receivership,接管,3,8,3,0.0259,0.6999
verbatim,逐字逐句,8,8,8,0.0259,0.6616
delineation,劃定,8,8,8,0.0259,0.6796
reside,通常居住,8,8,8,0.0259,0.662
ecology,環境及生態局局長,8,8,8,0.0259,0.7444
full,充分,8,8,8,0.026,0.5692
terrorist financing,恐怖分子資金籌集,8,8,8,0.026,0.6967
manufactory,製造秘密,2,3,2,0.026,0.672
suppose,假定,3,8,3,0.026,0.6963
college,香港護理學院,8,2,2,0.026,0.5239
prudent,審慎,8,8,8,0.0261,0.6872
descent,世系,8,3,3,0.0261,0.6373
abolition,取消,8,8,8,0.0261,0.5693
affairs,外交,8,8,8,0.0261,0.5346
chair,不作會議主持,8,2,2,0.0261,0.5924
debar,阻止,3,8,3,0.0261,0.6636
incorrect,不正確,8,8,8,0.0261,0.63
text,中文本,8,8,8,0.0261,0.6449
proprietor,經營者,8,8,8,0.0262,0.7459
wayleave,土地通行權,6,5,5,0.0262,0.6691
Universal Postal Union,萬國郵政聯盟,3,3,3,0.0262,0.7203
auctioneer,拍賣人,8,8,8,0.0262,0.7695
decline,拒絕宣誓,8,8,8,0.0262,0.5811
disguise,掩飾,4,8,4,0.0262,0.7145
in purported compliance,以充作遵從,8,8,8,0.0262,0.7167
organize,有組織罪行,8,8,8,0.0262,0.6816
psychological,心理傷害,8,3,3,0.0262,0.6579
conform with,依循,8,8,8,0.0263,0.6502
date,日期,8,8,8,0.0263,0.7825
mixed,兼有,8,8,8,0.0263,0.5952
settle,交收,8,8,8,0.0263,0.6756
attributable,可歸因於,8,8,8,0.0263,0.6643
dishonour,不兌現,8,8,8,0.0264,0.6147
lodge,提交,8,8,8,0.0264,0.6297
inflict,對他人身體加以嚴重傷害,8,2,2,0.0264,0.7015
covered,資產覆蓋債券,8,8,8,0.0264,0.6137
chain,一系列,8,8,8,0.0265,0.578
incorporated,具法團地位,8,8,8,0.0265,0.5689
truth,真實,8,8,8,0.0265,0.6339
chargeable,應徵收,8,8,8,0.0265,0.6722
non-resident,非居港者,8,8,8,0.0265,0.7311
rejection,否決,8,8,8,0.0265,0.6112
truthfully,從實及完整地,8,2,2,0.0265,0.462
attendance,出席,8,8,8,0.0266,0.7429
burden,負擔,8,8,8,0.0266,0.6464
case,個案,8,8,8,0.0266,0.7244
incur,承付,8,8,8,0.0266,0.5494
juror,陪審員,8,8,8,0.0266,0.8081
ordinarily resident in Hong Kong,通常居於香港,8,8,8,0.0266,0.8263
sue,起訴,8,8,8,0.0266,0.7747
undefended,無抗辯,2,2,2,0.0266,0.6764
whatever,不論措詞如何,8,8,8,0.0266,0.6376
onerous,有償,8,8,8,0.0267,0.6277
payee,收款人,8,8,8,0.0267,0.7725
appointor,委任人,8,8,8,0.0267,0.6713
proportionate,相稱,8,8,8,0.0267,0.5779
society,獲豁免社團,8,3,3,0.0267,0.5302
permanent,常任,8,8,8,0.0268,0.6998
relaxation,放寬,8,8,8,0.0268,0.6931
fitness,性能,8,8,8,0.0268,0.6829
landfill,堆填區,8,8,8,0.0268,0.7552
named,被指名者,8,4,4,0.0268,0.6302
necessitate,導致需要,8,7,7,0.0268,0.6891
insanitary,衞生情況欠佳的物業,8,2,2,0.0268,0.4665
delineate,劃定,8,8,8,0.0269,0.7454
messuage,宅院,4,8,4,0.0269,0.7622
International Atomic Energy Agency,國際原子能機構,8,8,8,0.0269,0.8242
firm,律師行,8,8,8,0.0269,0.5518
request,要求,8,8,8,0.027,0.7254
specification,規格,8,8,8,0.027,0.7621
administering,管理當局,8,8,8,0.027,0.6183
unbroken,並無中斷,8,8,8,0.027,0.4544
enduring,持久授權書,8,8,8,0.0271,0.6623
monetize,套現,4,8,4,0.0271,0.6471
rateably,按比例,5,8,5,0.0271,0.6705
reappointment,再度委任,8,8,8,0.0271,0.7923
analogous,類似,8,8,8,0.0272,0.5789
examination,覆問,8,8,8,0.0272,0.6502
process,濫用程序,8,3,3,0.0272,0.5687
Energy Audit Form,能源審核表格,5,5,5,0.0272,0.7998
in so far as,凡,8,8,8,0.0272,0.559
on,主動,8,8,8,0.0272,0.6761
ceiling,上限,8,8,8,0.0273,0.676
underlet,分租,8,8,8,0.0273,0.6309
amplification,補充,7,8,7,0.0274,0.6493
excuse,寬宥,8,8,8,0.0274,0.6981
harmful,損及,8,8,8,0.0274,0.7158
organizer,籌辦人,8,5,5,0.0274,0.6174
findings,調查結果,8,8,8,0.0274,0.6399
justify,提出理由,8,5,5,0.0275,0.6066
valuation,估值,8,8,8,0.0275,0.7137
apportionable,可予分攤,5,2,2,0.0275,0.7066
lighter,鋼駁船,8,2,2,0.0275,0.6112
set out,列出,8,8,8,0.0275,0.8027
hard copy,印本形式,8,8,8,0.0275,0.7823
spraying,噴塗室,8,7,7,0.0275,0.7484
negligent misrepresentation,疏忽的失實陳述,2,2,2,0.0276,0.6594
role,職分,8,8,8,0.0276,0.662
Solicitor General,法律政策專員,2,2,2,0.0276,0.6738
unlisted company,非上市公司,8,8,8,0.0276,0.623
transgenic,《經濟合作與發展組織指引——為轉基因植物指定獨特標識》,3,2,2,0.0276,0.728
armorial,盾徽,3,3,3,0.0276,0.5016
counter-claim,反申索書,8,8,8,0.0276,0.7094
intending,未來董事,8,2,2,0.0276,0.6237
Internet,互聯網,8,8,8,0.0276,0.6633
rehear,再次聆訊,6,5,5,0.0276,0.678
subparagraph,分節,8,8,8,0.0276,0.7895
accordance,按照,8,8,8,0.0277,0.7559
provisions,準備金,8,8,8,0.0277,0.7089
subornation,唆使,3,8,3,0.0277,0.7423
readable,易於閱讀,6,4,4,0.0277,0.551
young,少年人,8,8,8,0.0277,0.6397
lunatic,精神病人,8,8,8,0.0278,0.6531
distribute,分發,8,8,8,0.0278,0.6994
ceremony,宣誓儀式,7,2,2,0.0278,0.6307
natural,天然,8,8,8,0.0279,0.7566
estimated,預計,8,8,8,0.0279,0.5839
lodging,寓所,8,8,8,0.0279,0.7468
repeal,廢除,8,8,8,0.028,0.7489
review,審核,8,8,8,0.028,0.5567
year,年,8,8,8,0.028,0.6469
commentary,評註,8,8,8,0.028,0.7574
perish,毀消,4,8,4,0.028,0.6414
suitability,合適問題,8,5,5,0.028,0.6661
in a lump sum,整筆支付,8,8,8,0.028,0.6104
audience,出庭發言,8,8,8,0.0281,0.7454
wilfully,故意地,8,7,7,0.0281,0.6537
bureau,局,8,8,8,0.0281,0.6995
constable,警員,8,8,8,0.0281,0.7777
offset,抵銷,8,8,8,0.0281,0.6349
expression,詞句,8,8,8,0.0282,0.7826
Nationality Law,國籍法,3,4,3,0.0282,0.7524
quarters,員工宿舍,8,2,2,0.0282,0.6467
force,使用武力,8,8,8,0.0283,0.7403
real,不動產,8,8,8,0.0283,0.7006
controversy,所爭議,8,8,8,0.0283,0.5478
desirable,可取,8,8,8,0.0283,0.7192
develop,發展,8,8,8,0.0283,0.7721
edifice,大廈,4,8,4,0.0283,0.5067
grammatical,文法變體,8,8,8,0.0283,0.7752
surveyor,測量師,8,8,8,0.0283,0.6701
reorganization,重整,8,8,8,0.0283,0.7528
status quo,原狀,4,8,4,0.0284,0.6489
chemical,化學品液貨船,8,8,8,0.0284,0.6493
co-option,增選,7,8,7,0.0284,0.6929
declared,申報選舉開支,8,8,8,0.0284,0.5003
island,離島,8,5,5,0.0284,0.7068
conclusion,結案,8,2,2,0.0285,0.5221
true,真實,8,8,8,0.0285,0.7663
wholly owned,全資擁有,8,8,8,0.0285,0.6584
novel,問題屬全新的或懸而未決,8,3,3,0.0285,0.3522
textile,紡織品,8,8,8,0.0285,0.7336
competitive,競爭,8,8,8,0.0286,0.7689
Special Assessment Board,特別評估委員會,8,8,8,0.0286,0.7194
arson,縱火,4,5,4,0.0286,0.725
enquire,查究,6,8,6,0.0286,0.5466
irremediable,無可補救,4,6,4,0.0286,0.5007
storey,樓層,8,8,8,0.0286,0.8072
street,街,8,8,8,0.0286,0.7522
paying,付款方,8,8,8,0.0286,0.7415
aided person,受助人,8,8,8,0.0287,0.7327
interpretation,解釋,8,8,8,0.0287,0.7187
perpetuation of testimony,證供的繼續留存,4,2,2,0.0287,0.5169
structural,構造,8,8,8,0.0287,0.7465
hazard,危害,8,8,8,0.0287,0.7576
result,導致,8,8,8,0.0287,0.7597
guide,指引說明,8,2,2,0.0287,0.5624
response,回應通知書,8,3,3,0.0287,0.6833
religion,宗教,8,8,8,0.0287,0.7741
substances,腐蝕性物質,8,4,4,0.0287,0.6982
take possession,接管,8,8,8,0.0288,0.7659
deceptive,有欺騙性,8,5,5,0.0288,0.7669
pursuant,根據,8,8,8,0.0288,0.6055
non-qualifying,不合資格開支,8,4,4,0.0288,0.7018
connivance,默許,8,8,8,0.0289,0.7165
deduce,推論,8,8,8,0.0289,0.6768
illegible,無法閱讀,8,2,2,0.0289,0.6352
Outline Zoning Plan,分區計劃大綱圖,8,8,8,0.0289,0.7659
undertaking,承諾,8,8,8,0.0289,0.7208
denotation,具有相似意義的任何其他專用名詞,2,2,2,0.0289,0.4753
intervening,相隔期間,8,8,8,0.0289,0.6936
inaccurate,有事實方面的不準確之處,8,3,3,0.0289,0.7044
antecedent,先前,8,8,8,0.029,0.7773
convention,慣例,8,8,8,0.029,0.5669
financial,財務,8,8,8,0.029,0.6921
lis pendens,待決案件,8,8,8,0.029,0.7548
credit,信貸,8,8,8,0.0291,0.7659
indorse,註明,8,8,8,0.0291,0.7074
subject,主體,8,8,8,0.0291,0.727
abduction,拐帶,8,4,4,0.0291,0.7829
area,公用地方,8,8,8,0.0291,0.694
communal,公用,8,8,8,0.0291,0.7542
serving,食用分量,8,4,4,0.0291,0.4942
written down,降值,5,5,5,0.0291,0.4672
negotiable instrument,可流轉票據,8,8,8,0.0292,0.7079
layer,《1985年保護臭氧層維也納公約》,8,2,2,0.0292,0.5053
internal law,本土法律,8,8,8,0.0292,0.72
worth,金錢或金錢等值,8,8,8,0.0292,0.6097
know,知悉,8,8,8,0.0293,0.7371
resident,居住,8,8,8,0.0293,0.696
broker,經紀,8,8,8,0.0293,0.7212
needlessly,無必要地,4,2,2,0.0293,0.6619
supervisor,主管,8,8,8,0.0293,0.7263
pleasure ground,公眾遊樂場地,8,7,7,0.0293,0.6671
assignor,轉讓人,8,8,8,0.0294,0.6711
dutiable,應課稅,8,8,8,0.0294,0.7271
by whatever means,以任何方式,8,8,8,0.0294,0.6391
evident,明顯,6,8,6,0.0294,0.6788
guesthouse,旅館,8,8,8,0.0294,0.7489
adulteration,偽造,2,8,2,0.0295,0.5944
detrimental,不利,8,8,8,0.0295,0.675
non-consent,不同意,8,8,8,0.0295,0.7067
occupy,佔用,8,8,8,0.0295,0.6386
combat,打擊,3,8,3,0.0295,0.6001
region,自治區,8,6,6,0.0295,0.5426
indecent,嚴重猥褻,8,8,8,0.0296,0.679
alleged,指稱中,8,7,7,0.0296,0.603
District Judge,區域法院法官,8,8,8,0.0296,0.7319
indictable,可公訴罪行,8,8,8,0.0296,0.7264
informer,舉報人,8,8,8,0.0296,0.741
seized,經扣押的財產,8,8,8,0.0296,0.6629
place of business,主要業務地點,8,8,8,0.0297,0.6885
civil celebrant,婚姻監禮人,8,8,8,0.0297,0.7836
drown,淹溺,2,2,2,0.0297,0.6761
inexpedient,不宜,8,8,8,0.0297,0.718
kidnapping,綁架,3,3,3,0.0297,0.8131
knowing,明知,8,8,8,0.0297,0.7581
award,判給,8,8,8,0.0298,0.667
immovable property,不動產,8,8,8,0.0298,0.7565
opposition,反對,8,8,8,0.0298,0.6506
revolving credit,循環信貸,2,2,2,0.0298,0.7558
perpetuation,證供的繼續留存,5,2,2,0.0298,0.4567
write off,沖銷,8,8,8,0.0298,0.6776
earning capacity,謀生能力,8,8,8,0.0299,0.6842
furnish,提交,8,8,8,0.0299,0.6724
stand over,暫時延辦,6,5,5,0.0299,0.6826
alimony,贍養費,3,8,3,0.03,0.5776
adopt,領養,8,8,8,0.03,0.6477
Comprehensive Social Security Assistance Scheme,綜合社會保障援助計劃,2,2,2,0.0301,0.6888
exemption,豁免,8,8,8,0.0301,0.7485
habitual residence,經常居住地,8,5,5,0.0301,0.7015
marketable,可買賣,8,2,2,0.0301,0.6743
allotment,分配,8,8,8,0.0301,0.6831
authoritative,具權威性,4,6,4,0.0301,0.5519
curator,保佐人,8,3,3,0.0301,0.6358
deficiency,不足之處,8,8,8,0.0301,0.6009
eligibility,資格規定,8,8,8,0.0301,0.6754
HKFECC,期貨結算公司,2,2,2,0.0301,0.5633
illegitimate child,非婚生子女,8,8,8,0.0302,0.6412
undischarged bankrupt,未獲解除破產的破產人,8,8,8,0.0302,0.7389
unrealized profit,未實現利潤,6,6,6,0.0302,0.7669
accompanying,連同的文件,8,3,3,0.0302,0.6787
depositor,存款人,8,8,8,0.0302,0.6551
disqualified,被取消資格,8,7,7,0.0302,0.6756
erroneous,有錯誤,8,8,8,0.0302,0.5723
Letters Patent,英皇制誥,4,4,4,0.0303,0.7343
by,根據,8,8,8,0.0303,0.7156
adhere,依循,8,8,8,0.0303,0.7192
academic,學術研究,8,2,2,0.0303,0.5885
patentable,可享專利,8,8,8,0.0304,0.7424
tonnage,《1969年國際船舶噸位丈量公約》,8,2,2,0.0304,0.6136
ammunition,彈藥,8,8,8,0.0304,0.7963
dishonourable,不名譽,8,8,8,0.0304,0.6919
liquidity,流動資金,8,8,8,0.0304,0.6525
on request,在接獲請求時,8,2,2,0.0304,0.66
race,種族,8,8,8,0.0304,0.6942
abridge,縮短,8,8,8,0.0305,0.7777
substantive,實質,8,8,8,0.0305,0.6288
inequity,不公平現象,3,3,3,0.0305,0.6223
fee,費用,8,8,8,0.0306,0.7333
examiner,訊問員,8,8,8,0.0306,0.7749
repeatedly,重複,8,8,8,0.0306,0.7062
substantial,大規模,8,8,8,0.0307,0.6324
at all reasonable times,在任何合理時間,8,8,8,0.0307,0.7286
commonly,一般人明瞭所指,8,3,3,0.0307,0.4763
exclusive economic zone,專屬經濟區,2,2,2,0.0307,0.3727
immovable,不動產,8,8,8,0.0307,0.7245
intruder,闖入者,3,3,3,0.0307,0.7041
meeting,會議,8,8,8,0.0308,0.6329
depart,偏離,8,8,8,0.0308,0.5684
edition,版本,8,8,8,0.0308,0.7187
legally represented,無法律代表,8,8,8,0.0308,0.688
manageable,可加以管理,3,3,3,0.0308,0.6061
uncertain,未確定,8,5,5,0.0308,0.6628
superannuation,離職金,8,8,8,0.0309,0.6392
excepted,例外罪行,8,2,2,0.0309,0.5402
creditor,債權人,8,8,8,0.031,0.7146
jobbing business,證券經銷業務,3,3,3,0.031,0.7547
part with,放棄,8,8,8,0.031,0.6342
severalty,各別,2,8,2,0.031,0.6307
founded,有充分根據,8,5,5,0.031,0.5017
of itself,本身,8,8,8,0.031,0.6685
argument,爭辯,8,8,8,0.0311,0.6577
payable,應支付,8,8,8,0.0311,0.7835
proceed,繼續進行,8,8,8,0.0311,0.6921
take proceedings against that person,對該人提起法律程序,2,8,2,0.0311,0.6615
assess,評估,8,8,8,0.0311,0.6611
mutilate,毀壞,2,8,2,0.0311,0.4975
outline,概述,8,8,8,0.0311,0.654
legal custody,合法羈留,8,3,3,0.0312,0.7156
interconnectedness,互相關連性,2,2,2,0.0312,0.4609
irreparable,難以補救,2,2,2,0.0312,0.6186
readily,易於,8,8,8,0.0312,0.7145
skeleton,綱要,6,7,6,0.0313,0.4903
wrong,過失,8,8,8,0.0313,0.7567
apart,預留,8,8,8,0.0313,0.6678
presentation,呈示,8,8,8,0.0313,0.7202
strategic,策略性街道,8,2,2,0.0313,0.635
tabular,列表格式,8,4,4,0.0313,0.6605
covenantor,契諾承諾人,6,7,6,0.0314,0.6933
acquitting,無罪釋放,2,8,2,0.0314,0.587
advise,提出意見,8,8,8,0.0314,0.7618
assessed,經評估價值,8,8,8,0.0314,0.5833
cross-section,橫截面,4,8,4,0.0314,0.677
The Asian Development Bank,亞洲開發銀行,4,3,3,0.0314,0.8051
bilingual,雙語法例諮詢委員會,3,2,2,0.0314,0.6186
money,款項,8,8,8,0.0315,0.7009
interrupt,干擾,8,8,8,0.0315,0.7128
ossuary,骨殖龕位,4,2,2,0.0315,0.6522
threshold,起點,8,8,8,0.0316,0.6388
Asia-Pacific Telecommunity,亞太地區電信組織,2,2,2,0.0316,0.74
Hong Kong Academy of Medicine,香港醫學專科學院,7,7,7,0.0316,0.8236
in any way,在任何方面,8,8,8,0.0316,0.7325
prominence,顯眼程度,5,2,2,0.0316,0.4588
there,當場,8,8,8,0.0316,0.7262
detriment,不利,8,8,8,0.0317,0.6371
point,觀點,8,8,8,0.0317,0.6544
usable,實用樓面面積,8,8,8,0.0317,0.5559
self-arranged,自行安排,3,4,3,0.0317,0.5367
a quo,來自,8,8,8,0.0318,0.5889
adverse,不利,8,8,8,0.0318,0.6982
European Union,歐洲聯盟,7,8,7,0.0318,0.8393
Chinese,中國公民,8,8,8,0.0318,0.6657
fitting,附件,8,8,8,0.0318,0.6438
inquire,查究,8,8,8,0.0318,0.7243
plot,塊,8,8,8,0.0318,0.6152
officiating,主禮神職人員,6,5,5,0.0318,0.7615
Deputy President,常務副校長,8,8,8,0.0319,0.7514
maintainable,不能確立,7,6,6,0.0319,0.7305
putative,指認,3,8,3,0.0319,0.6474
undergraduate,全日制本科生,8,2,2,0.0319,0.5812
amend,修訂,8,8,8,0.032,0.7803
deem,推定,8,8,8,0.032,0.5781
land,土地,8,8,8,0.032,0.7921
elapse,相隔,8,8,8,0.032,0.6533
understand,明白,8,8,8,0.032,0.6896
miscellaneous provisions,雜項條文,8,8,8,0.0321,0.6939
occupation,佔用,8,8,8,0.0321,0.6027
desirability,可取性,8,2,2,0.0321,0.5721
securely,穩固地,8,8,8,0.0321,0.6812
anthem,國歌,4,8,4,0.0321,0.5741
kin,家族,8,8,8,0.0322,0.7517
standing,具有良好聲譽,8,5,5,0.0322,0.5886
unauthorized,未經批准,8,8,8,0.0322,0.8041
subsection,款,8,8,8,0.0322,0.6269
governance,統治,8,3,3,0.0323,0.6158
collude,串通,5,6,5,0.0323,0.5264
declarant,聲明人,8,8,8,0.0323,0.7604
educational,院校,8,8,8,0.0323,0.6595
non-occurrence,不發生,3,5,3,0.0323,0.494
LPF Index,基金索引,3,3,3,0.0323,0.69
annuitant,年金受益人,4,2,2,0.0324,0.5376
goodwill,商譽,8,8,8,0.0325,0.6417
regardless,不論,8,8,8,0.0325,0.6596
leisure,康樂及文化事務署署長,8,8,8,0.0325,0.6789
denial,否認,8,8,8,0.0326,0.6476
presumptive,推定,2,8,2,0.0326,0.6441
chronological,年表,8,3,3,0.0326,0.6472
compensatable,可獲補償,8,8,8,0.0326,0.7164
inconsistency,不一致,8,8,8,0.0326,0.6395
surgical,外科用具,8,5,5,0.0326,0.6707
define,下定義,8,3,3,0.0327,0.7009
Exchange Fund Bill,外匯基金票據,4,4,4,0.0327,0.6187
forfeitable,可予沒收物件,3,3,3,0.0327,0.7073
onus,責任,8,8,8,0.0328,0.6501
handicap,弱智,6,8,6,0.0328,0.667
prepackaged,預先包裝,8,8,8,0.0328,0.7616
in the first instance,先行,8,8,8,0.0329,0.7764
criminally,構成刑事罪行,5,5,5,0.0329,0.6818
cause,導致,8,8,8,0.0329,0.7273
carat,開數,2,3,2,0.0329,0.5992
journalistic,新聞材料,8,8,8,0.0329,0.6277
wrongfully,不當地,8,8,8,0.0329,0.5416
outbound,外遊費,8,8,8,0.0329,0.7565
sports,體育,8,8,8,0.0329,0.7917
veto,否決,3,8,3,0.033,0.5918
compulsory,強迫,8,8,8,0.033,0.6335
birth,出生,8,8,8,0.033,0.7976
organizational,組織架構,8,4,4,0.033,0.8017
unruly,難受管束,3,3,3,0.033,0.7288
Director of Housing,房屋署署長,8,8,8,0.033,0.5944
exceptional,例外情況,8,8,8,0.0331,0.6222
unusual,不尋常,8,8,8,0.0331,0.6868
China National Intellectual Property Administration,國家知識產權局,4,4,4,0.0332,0.696
censor,檢查,8,8,8,0.0332,0.6578
demolition,拆卸,8,8,8,0.0332,0.6767
movable property,動產,8,8,8,0.0332,0.768
at large,不在羈留中,8,8,8,0.0332,0.6943
conformity,依循,8,8,8,0.0332,0.7747
District Court,區域法院,8,8,8,0.0333,0.7621
recognition,承認,8,8,8,0.0333,0.7106
discriminator,歧視者,8,8,8,0.0333,0.729
gratuitously,免費,6,8,6,0.0333,0.6698
cost,成本,8,8,8,0.0334,0.7232
alteration,更改,8,8,8,0.0334,0.7134
in conformity with,符合,8,8,8,0.0334,0.5184
likely,相當可能,8,8,8,0.0334,0.6459
supreme,最高管治團體,8,3,3,0.0334,0.6011
estimate,預算,8,8,8,0.0335,0.6109
lawyer,律師,8,8,8,0.0335,0.7571
mercantile,國家商船,8,2,2,0.0335,0.5504
paragraph,段,8,8,8,0.0335,0.7873
transplant,移植,8,8,8,0.0335,0.812
stated,呈述的法律問題,8,2,2,0.0335,0.6051
longevity,長壽風險,3,2,2,0.0335,0.7717
petroleum,石油產品,8,8,8,0.0336,0.7376
bid,投標,8,8,8,0.0337,0.7029
contaminated,污染,8,8,8,0.0337,0.6367
professional,專業,8,8,8,0.0337,0.6767
resignation,辭職,8,8,8,0.0337,0.727
subrule,款,8,8,8,0.0337,0.5995
mainland,大陸,8,8,8,0.0337,0.6659
give rise to,引起,8,8,8,0.0338,0.5801
redeem,贖回,8,8,8,0.0339,0.5445
territorial,領土,8,8,8,0.0339,0.7938
authentic,真確,8,8,8,0.0339,0.6894
malformation,畸形,2,7,2,0.0339,0.4931
reckoning,無須理會,8,8,8,0.0339,0.6178
requisite,必需,8,8,8,0.0339,0.6861
unreasonably,不合理地,8,8,8,0.0339,0.7344
jobbing,證券經銷業務,3,3,3,0.0339,0.7454
deposit-taking company,接受存款公司,8,8,8,0.0339,0.6933
waterworks,水務設施,8,8,8,0.0339,0.7935
exception,例外,8,8,8,0.034,0.7078
non-domestic,非住宅房產,8,5,5,0.034,0.6658
stake,金錢利益,8,8,8,0.034,0.5798
including without limitation,包括但不限於,2,8,2,0.0341,0.5201
group accounts,集團帳目,8,3,3,0.0341,0.6072
company secretary,公司秘書,8,8,8,0.0341,0.7359
heritage,文物,8,8,8,0.0341,0.7668
surrounding,相關情況,8,8,8,0.0341,0.6692
infectious agent,傳染性病原體,8,8,8,0.0342,0.7618
Small Claims Tribunal,小額錢債審裁處,8,8,8,0.0342,0.7363
abandon,拋棄,8,8,8,0.0342,0.6281
for all purposes,就各方面而言,8,8,8,0.0342,0.605
Hong Kong Institution of Engineers,香港工程師學會,8,8,8,0.0342,0.7158
reformatory school,感化院,8,8,8,0.0342,0.6711
unincorporate,並非法團,8,8,8,0.0342,0.7398
non-recourse,無追索權,2,4,2,0.0342,0.4357
annoyance,騷擾,8,8,8,0.0343,0.798
demand,催繳,8,8,8,0.0344,0.7667
judicial,司法,8,8,8,0.0344,0.7543
fungi,真菌,3,4,3,0.0344,0.7453
perpetual,永久延續的法人團體,8,8,8,0.0344,0.7105
herbal,中藥材,8,8,8,0.0344,0.7268
non-working day,非工作日,6,8,6,0.0345,0.4565
intentionally,故意,8,8,8,0.0345,0.6633
fully,充分,8,8,8,0.0346,0.6308
dormitory,囚倉,8,2,2,0.0346,0.4903
remit,減免,8,8,8,0.0347,0.7574
Chief Judicial Clerk,總司法書記,8,8,8,0.0348,0.6326
Asian Development Bank,亞洲開發銀行,5,3,3,0.0348,0.8407
ethical,合乎道德,7,3,3,0.0348,0.6976
soil,弄污,8,8,8,0.0348,0.6421
thereupon,隨即,8,8,8,0.0348,0.653
unfulfilled,不獲符合的規定,7,4,4,0.0348,0.7243
monetary,金錢上,8,8,8,0.0349,0.648
adjudicator,暫委審裁官,8,4,4,0.0349,0.6735
fabrication,揑造,4,3,3,0.0349,0.5856
preclude,不得,8,8,8,0.0349,0.6297
redress,糾正,8,8,8,0.0349,0.6434
effect,導致,8,8,8,0.035,0.6354
chairmanship,主席身分,3,8,3,0.035,0.6102
Hong Kong,香港,8,8,8,0.035,0.7457
psychopathic,精神病理障礙,2,2,2,0.035,0.6799
aggregate,併合,8,8,8,0.0351,0.5671
descendant,後裔,7,8,7,0.0351,0.7174
partition,分劃,8,8,8,0.0351,0.6855
title deed,所有權契據,4,2,2,0.0351,0.7483
adequately,充分地,8,8,8,0.0352,0.6377
admission,承認,8,8,8,0.0352,0.7264
cohabitation,同居關係,8,8,8,0.0352,0.6894
absent,缺席,8,8,8,0.0353,0.6785
amenities,喪失生活樂趣,8,2,2,0.0353,0.5348
civilly,在民事上負法律責任,8,4,4,0.0353,0.5728
bribe,賄賂,2,8,2,0.0354,0.6976
politic,政治團體,8,2,2,0.0354,0.6377
articles,條文,8,8,8,0.0355,0.5939
formal,形式上,8,8,8,0.0355,0.7099
sum,款項,8,8,8,0.0355,0.6805
outlying,離島,2,5,2,0.0355,0.6259
ineffective,無效,8,8,8,0.0356,0.6998
remove,免任,8,8,8,0.0356,0.6562
beyond,在無合理疑點的情況下,8,2,2,0.0356,0.6245
imply,隱含特許,8,2,2,0.0356,0.4814
torture,酷刑,8,8,8,0.0357,0.7105
plant,《經濟合作與發展組織指引——為轉基因植物指定獨特標識》,8,2,2,0.0357,0.5777
ineffectual,失效,2,8,2,0.0357,0.6935
identify,指出,8,8,8,0.0358,0.716
riot,暴動,8,8,8,0.0358,0.7843
United Nations,聯合國,8,8,8,0.0359,0.771
bye-laws,則例,2,8,2,0.0359,0.5293
complain,投訴,8,8,8,0.0359,0.6744
Director-General of Communications,通訊事務總監,2,2,2,0.0359,0.7483
uncompleted,未完成的發展,8,2,2,0.0359,0.5472
hatch,逃生艙口,8,2,2,0.0359,0.6212
assessment,評估,8,8,8,0.036,0.7008
improper,不妥善,8,8,8,0.036,0.6738
evasion,防止逃稅,8,8,8,0.036,0.6898
proliferate,繁衍,2,2,2,0.036,0.7173
bankrupt,被判定破產,8,8,8,0.0361,0.6862
incapable,精神上無能力行事,8,5,5,0.0361,0.6839
enure,使適用,8,4,4,0.0362,0.6374
adjacent,毗鄰,8,8,8,0.0362,0.7023
overpaid,超額款項,8,4,4,0.0362,0.5898
unity,共有,8,8,8,0.0363,0.625
fiscal,防止逃稅,8,8,8,0.0363,0.7179
hospital order,入院令,8,8,8,0.0364,0.6361
alms,施捨,8,8,8,0.0364,0.7853
authenticity,真確性,8,8,8,0.0364,0.7308
decree absolute,絕對判令,5,8,5,0.0364,0.6312
Education University of Hong Kong,香港教育大學,8,8,8,0.0364,0.7576
Judiciary Accountant,司法機構會計師,4,4,4,0.0364,0.4675
paramilitary,準軍事裝備,8,8,8,0.0364,0.7001
registrar,司法常務主任,8,8,8,0.0365,0.5808
deface,塗污,8,8,8,0.0365,0.8171
ethics,道德守則,8,5,5,0.0365,0.7371
protectorate,受保護國,4,4,4,0.0365,0.5536
obligate,義務人,2,8,2,0.0365,0.5349
appointment,任命,8,8,8,0.0366,0.7741
mental,精神上,8,8,8,0.0366,0.765
by serving,面交送達,8,8,8,0.0366,0.7662
illegitimate,非法,8,8,8,0.0366,0.6304
preferred,優先權利,8,8,8,0.0366,0.6734
self-respect,自尊,6,6,6,0.0366,0.7731
regarded,不得視為,8,8,8,0.0366,0.7098
allot,分配,8,8,8,0.0367,0.6512
incidents,條件和附帶條件,8,8,8,0.0367,0.5743
well-being,福祉,8,8,8,0.0367,0.7383
refuge,庇護層,8,2,2,0.0367,0.5759
finance,提供資本,8,8,8,0.0368,0.7171
ought reasonably to know,理應知道,8,8,8,0.0368,0.7009
verbally,口頭,8,8,8,0.0368,0.6568
criminal jurisdiction,刑事司法管轄權,8,8,8,0.0369,0.8233
deceased person,死者,8,8,8,0.0369,0.746
deprive,被剝奪,8,8,8,0.0369,0.7319
undue,不合理,8,8,8,0.0369,0.7137
aided,受助人,8,8,8,0.0369,0.7339
disallow,否決,8,8,8,0.0369,0.6518
contiguous or adjacent land,相連或毗鄰的土地,4,4,4,0.037,0.7673
yield,孳息,8,3,3,0.037,0.6064
disparage,貶低,3,7,3,0.037,0.6805
outweigh,大於,4,8,4,0.037,0.7004
serviceman,軍人,3,8,3,0.037,0.6887
distortion,扭曲,8,7,7,0.0371,0.7003
proof,證據,8,8,8,0.0371,0.7844
civil law,民事法律,6,8,6,0.0372,0.7225
New Territories,新界,8,8,8,0.0372,0.7534
champerty,包攬訴訟,5,5,5,0.0373,0.6656
takeover,接收,8,8,8,0.0373,0.6367
circular,通告,8,8,8,0.0373,0.7036
steel,鋼駁船,8,2,2,0.0373,0.5399
unjustifiable,不合理,8,8,8,0.0374,0.5396
complete,一整月,8,4,4,0.0374,0.4801
entire,整份,8,8,8,0.0374,0.6016
Land Office,田土註冊處,7,5,5,0.0374,0.7098
university,香港都會大學,8,8,8,0.0374,0.6339
essential,不可或缺,8,8,8,0.0375,0.6957
non-disclosure,不予披露,8,2,2,0.0376,0.5926
thief,竊賊,2,2,2,0.0376,0.7019
trusteeship,託管,4,8,4,0.0377,0.5865
non-governmental,人道主義非政府組織或機構,5,2,2,0.0377,0.5097
deduct,扣減,8,8,8,0.0377,0.7411
supplemental,補充,8,8,8,0.0378,0.7646
proportionately,適度,8,8,8,0.0378,0.6109
to the advantage of,有利於,2,8,2,0.0379,0.6429
derogatory,貶損處理,8,8,8,0.0379,0.7922
forbidden,受禁制投資活動,8,5,5,0.0379,0.6086
so often as,每當,2,8,2,0.0379,0.594
misnomer,誤稱,6,2,2,0.038,0.5322
rectify,更正,8,8,8,0.038,0.6729
self-certification,自我證明,8,8,8,0.038,0.7763
error,錯誤,8,8,8,0.0382,0.6981
fair,中肯,8,8,8,0.0382,0.4524
leave,許可,8,8,8,0.0382,0.637
citizen,公民,8,8,8,0.0382,0.7344
cohabit,同居,5,8,5,0.0383,0.6615
connection,密切聯繫,8,8,8,0.0384,0.5997
endeavour,盡力,8,8,8,0.0384,0.7216
succeeding,隨後一年,8,8,8,0.0384,0.5064
cohabitee,同居者,5,8,5,0.0385,0.656
official,官方,8,8,8,0.0385,0.604
tamper,干擾,8,8,8,0.0385,0.737
by order of the court,按法院命令,8,2,2,0.0385,0.6812
hopper,鋼開底泥躉,8,2,2,0.0385,0.505
overpayment,多付,8,8,8,0.0386,0.6349
exclusion,排除,8,8,8,0.0387,0.5773
incorporate,包含,8,8,8,0.0387,0.5916
requirement,要求,8,8,8,0.0387,0.8034
unconscionable,不合情理,8,8,8,0.0387,0.7113
vi,使用武力,8,8,8,0.0387,0.6444
adjournment,延期,8,8,8,0.0387,0.7162
alienate,讓與,7,8,7,0.0387,0.7448
clan,宗族,5,4,4,0.0387,0.673
understandable,易於理解,4,8,4,0.0387,0.6277
felony,重刑罪,2,3,2,0.0388,0.6193
with necessary modifications,經必要的變通後,8,8,8,0.0388,0.6421
conclusively,確切地,8,3,3,0.0388,0.5309
however,不論如何描述,8,8,8,0.0388,0.7447
vice-president,上訴法庭副庭長,8,2,2,0.0388,0.573
suing,損害防止條款,8,3,3,0.0388,0.5757
youthful,少年罪犯,8,8,8,0.0388,0.7354
accord,和解,8,8,8,0.0389,0.6982
fictitious,虛構,8,8,8,0.0389,0.6232
opinion,意見,8,8,8,0.0389,0.5719
buggery,肛交,8,8,8,0.0389,0.7201
museum,博物館,8,8,8,0.0389,0.8269
assessable,應評稅入息,8,8,8,0.039,0.713
metric,十進制單位,8,8,8,0.039,0.5871
rebutted,推翻,8,8,8,0.039,0.6695
lay person,非法律專業人士,8,8,8,0.0391,0.7462
broking,安排貨幣拆放,7,2,2,0.0392,0.6567
peak,繁忙時段,8,8,8,0.0392,0.5327
dwell,居住,4,8,4,0.0392,0.6841
deputy judge,暫委法官,8,8,8,0.0393,0.7667
demolish,拆卸,8,8,8,0.0393,0.7274
form,形式,8,8,8,0.0394,0.7412
person,法人,8,8,8,0.0394,0.6494
barge,鋼開底泥躉,8,2,2,0.0394,0.6337
alienation,讓與,8,8,8,0.0395,0.7002
bar,獲認許為大律師,8,8,8,0.0395,0.6779
aggressive,具威嚇性,3,5,3,0.0395,0.7019
constituent,構成元素,8,3,3,0.0395,0.5803
one party,單方,8,8,8,0.0396,0.6931
young person,幼年人,8,8,8,0.0396,0.7113
Exchange Fund Notes,外匯基金債券,2,3,2,0.0396,0.5639
insane,精神錯亂,3,8,3,0.0396,0.734
matching,核對程序要求,8,3,3,0.0396,0.6067
require,要求,8,8,8,0.0396,0.7782
unaudited,未經審計,3,5,3,0.0396,0.6029
non-compliance,不符合,8,8,8,0.0397,0.6155
redemption,贖回,8,8,8,0.0397,0.7167
reclamation,改善海港填海工程,8,4,4,0.0397,0.6799
collectively,共同,8,8,8,0.0398,0.5971
malicious,惡意,8,8,8,0.0399,0.6523
profession,專業,8,8,8,0.0399,0.5421
erect,建造,8,8,8,0.0399,0.6516
expose,遺棄,8,8,8,0.0399,0.5459
suspected,涉嫌,8,8,8,0.0399,0.7083
consultative,人民協商機構,8,8,8,0.04,0.5959
Judiciary,司法機構,8,8,8,0.0401,0.7447
voidable,可使無效,8,8,8,0.0401,0.7582
habitual,慣常,8,8,8,0.0401,0.6811
rateable,應課差餉,8,8,8,0.0402,0.4595
read,參閱,8,8,8,0.0402,0.7473
uneconomic,不符合經濟原則,2,3,2,0.0402,0.748
unobstructed,無阻,8,8,8,0.0402,0.6962
wounding,傷人,2,5,2,0.0402,0.7546
conversion,侵佔,8,3,3,0.0403,0.5989
litigation,訴訟,8,8,8,0.0403,0.6927
deliberative,投普通票,8,8,8,0.0403,0.6704
habitually,慣常居於,8,8,8,0.0403,0.6605
in severalty,分開,2,8,2,0.0403,0.5632
ongoing,正持續進行,8,2,2,0.0404,0.4666
establishment,場所,8,8,8,0.0405,0.7568
in the case of,如,8,8,8,0.0405,0.642
unsatisfied,未清付,8,6,6,0.0405,0.7307
tunnel,污水隧道,8,8,8,0.0405,0.6284
member of a District Council,區議會議員,8,8,8,0.0405,0.6458
Article,組織章程大綱及章程細則,8,6,6,0.0406,0.6165
husband,丈夫,8,8,8,0.0406,0.7445
specified,指明人士,8,8,8,0.0406,0.7242
demarcate,界定,6,8,6,0.0406,0.6747
damage,損壞,8,8,8,0.0407,0.8674
defect,欠妥之處,8,8,8,0.0407,0.7804
available,可予提供,8,5,5,0.0407,0.747
better,更有效地執行,8,8,8,0.0407,0.7296
crematorium,政府火葬場,8,8,8,0.0407,0.7119
fourth,第四方或再後的各方,8,2,2,0.0407,0.6216
reason,理由,8,8,8,0.0408,0.6886
removal,遣送,8,8,8,0.0408,0.6047
template,範本,8,8,8,0.0408,0.4995
veracity,真實性,3,8,3,0.0408,0.5474
proposed,擬訂合約,8,2,2,0.0409,0.6074
wasted,虛耗訟費命令,8,8,8,0.0409,0.7092
repealed,被廢除的成文法則,8,3,3,0.0409,0.6506
import,意味,8,8,8,0.041,0.6012
agenda,議程,8,8,8,0.041,0.814
Senate,教務委員會,8,8,8,0.0411,0.6611
govern,管限,8,8,8,0.0411,0.7073
rebut,反駁,2,8,2,0.0411,0.7972
undivided,不分割,8,8,8,0.0412,0.703
on its own motion,主動,8,8,8,0.0412,0.6472
non-refundable,不得退回,8,7,7,0.0412,0.6881
persistently,屢次,8,8,8,0.0412,0.7221
miscarriage of justice,不公正的情況,7,5,5,0.0413,0.6872
unrelated,無關連自然人,8,2,2,0.0413,0.5431
supposed,假設,8,8,8,0.0414,0.6521
piece,整塊或整幅土地,8,2,2,0.0414,0.541
country,國家,8,8,8,0.0415,0.6291
segregation,分隔,8,8,8,0.0415,0.6684
Agreement,《世界貿易組織協議》,8,2,2,0.0416,0.5657
reject,否決,8,8,8,0.0416,0.6585
rightfully,合法地,4,8,4,0.0416,0.6794
acceptance,承擔,8,8,8,0.0417,0.6705
guidance,《經濟合作與發展組織指引——為轉基因植物指定獨特標識》,8,2,2,0.0417,0.5864
destroy,摧毀,8,8,8,0.0417,0.7517
endanger,危害,8,8,8,0.0417,0.7489
genetically,基因改造生物,8,8,8,0.0417,0.7397
inapplicable,不適用,3,8,3,0.0417,0.7214
insignificant,微不足道,8,8,8,0.0417,0.5989
scrutinize,詳細審閱,2,2,2,0.0417,0.5006
allowance,津貼,8,8,8,0.0418,0.7307
prejudice,妨害,8,8,8,0.0418,0.6769
prove,證明,8,8,8,0.0418,0.7489
HKSCC,香港結算公司,4,4,4,0.0418,0.4839
filing,送交存檔,8,8,8,0.0419,0.6567
interpleader,互爭權利訴訟,8,8,8,0.0419,0.7213
renunciation,放棄,8,8,8,0.0419,0.7234
dues,應繳費用,8,8,8,0.0419,0.6733
ancillary,附屬,8,8,8,0.0421,0.5785
liquidate,了結,5,8,5,0.0421,0.4582
place,營業地點,8,8,8,0.0421,0.7591
consanguinity,血親,7,8,7,0.0422,0.5984
proviso,但書,8,8,8,0.0422,0.677
disclaim,放棄,8,8,8,0.0422,0.6675
refusal,拒絕授予濟助,8,4,4,0.0422,0.596
aver,提出,2,8,2,0.0423,0.6918
instruct,委託,8,8,8,0.0423,0.7189
omit to do,不作出,8,8,8,0.0423,0.6821
qualification,保留意見,8,2,2,0.0423,0.5383
taxing,訟費評定當局,8,6,6,0.0423,0.6105
in any event,無論如何,8,8,8,0.0423,0.7956
devolve,傳予,8,8,8,0.0424,0.7103
falsification,偽造,8,8,8,0.0424,0.7593
International Court of Justice,聯合國國際法院,3,2,2,0.0424,0.7535
diligence,盡職審查,8,8,8,0.0425,0.5897
clarity,欠清晰,8,3,3,0.0425,0.6273
portion,全部或部分公眾,8,2,2,0.0425,0.5025
testimonial,考績證書,2,2,2,0.0425,0.7357
enduring power of attorney,持久授權書,8,8,8,0.0426,0.7067
outlay,費用,3,8,3,0.0426,0.5687
informal,不拘形式,8,8,8,0.0426,0.7093
volition,主動,8,8,8,0.0426,0.6874
conveyancing,物業轉易,8,8,8,0.0427,0.7005
sufferance,容受,6,8,6,0.0427,0.6552
undesirable,不宜,8,8,8,0.0427,0.6622
divisional,分開的申請,8,2,2,0.0427,0.6157
remoter,更遠的後嗣,7,6,6,0.0427,0.7004
town,城市規劃委員會,8,8,8,0.0427,0.7004
parol,口頭,2,8,2,0.0428,0.4608
unreliable,不可靠,3,5,3,0.0428,0.7706
apportionment,分攤,8,8,8,0.0428,0.6864
non-viability,不可持續經營,4,4,4,0.0428,0.7521
compel,迫使,8,8,8,0.0429,0.7274
tsip,妾,3,8,3,0.0429,0.5489
Central Authorities,中央,8,8,8,0.0429,0.6719
contractor,承包商,8,3,3,0.043,0.6345
reportable matter,須報告事項,3,3,3,0.043,0.6712
HKSAR,特區,8,8,8,0.043,0.6243
scrutiny,審查,3,8,3,0.043,0.6465
spoilt,損壞,8,8,8,0.043,0.6273
Judiciary Administrator,司法機構政務長,7,7,7,0.043,0.7376
pornography,兒童色情物品,8,8,8,0.043,0.7761
bestiality,獸交,3,3,3,0.0431,0.7137
legitimately,合法地,2,8,2,0.0431,0.6321
re-determine,重新釐定,3,3,3,0.0431,0.6988
intervene,干預,8,8,8,0.0432,0.7437
reputed,公認,8,8,8,0.0432,0.6846
requesting,提出請求的法院,8,8,8,0.0432,0.6711
acceptor,承兌人,8,8,8,0.0432,0.7123
factually,有事實方面的不準確之處,5,3,3,0.0432,0.7759
stockpile,堆存,6,3,3,0.0432,0.7417
reconstruct,修復,6,8,6,0.0432,0.76
partly,全部或部分,8,8,8,0.0433,0.6364
drawee,受票人,8,8,8,0.0434,0.6591
afford,提供,8,8,8,0.0434,0.535
Loan Fund,貸款基金,5,5,5,0.0434,0.8355
alternative dispute resolution,另類爭端排解,8,3,3,0.0434,0.7437
quarter-end,季度終結值,2,2,2,0.0435,0.6679
senior deputy registrar,高級副司法常務官,8,8,8,0.0435,0.7881
appraisement,估價,6,8,6,0.0436,0.7272
by proxy,委派代表,8,8,8,0.0436,0.776
civil suit,民事起訴,2,2,2,0.0436,0.5092
World Geodetic System,1984年世界大地測量系統,5,5,5,0.0437,0.7184
judge,法官,8,8,8,0.0438,0.8113
liquor licence,酒牌,8,8,8,0.0438,0.7605
separation,分居,8,8,8,0.044,0.6926
grievous,對他人身體加以嚴重傷害,8,2,2,0.044,0.7145
null and void,無效,8,8,8,0.044,0.6517
public fill,公眾填料費,5,3,3,0.044,0.7573
racial,種族歧視,8,4,4,0.0441,0.5274
conflict of interest,利益衝突,8,8,8,0.0442,0.6959
foresee,預見,3,8,3,0.0443,0.4455
perishable,易毀消,8,8,8,0.0443,0.805
want,訴訟程序中無人作出行動,8,8,8,0.0443,0.6458
traveller,外遊旅客,8,8,8,0.0443,0.7017
friend,起訴監護人,8,8,8,0.0444,0.7689
petition,呈請,8,8,8,0.0445,0.6894
vacant,交出空置管有權,8,2,2,0.0445,0.5524
pollute,污染,8,8,8,0.0445,0.6756
antiquities,古物諮詢委員會,8,2,2,0.0445,0.5682
where practicable,在切實可行範圍內,8,8,8,0.0446,0.6446
class member,申訴委託人,8,8,8,0.0446,0.6799
division,處,8,8,8,0.0446,0.6123
deny,剝奪,8,8,8,0.0447,0.671
subsisting,存續,8,8,8,0.0447,0.702
proposition,觀點,3,8,3,0.0447,0.6282
conference,締約方大會,8,3,3,0.0448,0.6292
drama,電視劇或電視電影,5,4,4,0.0448,0.4626
modern,新式婚姻,8,8,8,0.0449,0.7297
subsidiary,附屬,8,8,8,0.045,0.7083
indecency,嚴重猥褻作為,8,8,8,0.045,0.7759
prejudicial to,不利於,8,8,8,0.0451,0.6749
clerk,書記主任,8,7,7,0.0451,0.5688
existence,不再存在,8,8,8,0.0451,0.5463
grade,級別,8,8,8,0.0451,0.6967
maliciously,惡意,8,8,8,0.0451,0.7904
mutilation,毀壞,4,8,4,0.0451,0.5513
unprofitable,無利可圖,3,2,2,0.0451,0.7446
file,提交,8,8,8,0.0452,0.6233
ratio,比率,8,8,8,0.0452,0.7326
pressure,財務壓力,8,8,8,0.0452,0.6287
ward of court,受法院監護的人,8,8,8,0.0453,0.7543
in his own right,因其本身權利,8,4,4,0.0453,0.5904
bearer,持票人,8,8,8,0.0454,0.6794
condition,情況,8,8,8,0.0454,0.7098
slip,失誤,8,8,8,0.0454,0.7238
understanding,理解,8,8,8,0.0454,0.6851
affection,損害性影響,4,6,4,0.0454,0.6423
industrial action,工業行動,2,2,2,0.0455,0.7176
non-permanent judge,非常任法官,5,5,5,0.0455,0.7191
improperly,不恰當地,8,8,8,0.0455,0.7269
Official Administrator,遺產管理官,8,8,8,0.0455,0.7124
non-trade,非業界成員,8,8,8,0.0456,0.6561
subregulation,款,8,8,8,0.0457,0.8077
notwithstanding anything to the contrary,即使有任何相反的規定,8,3,3,0.0458,0.5434
ascertainable,可確定,8,8,8,0.0459,0.6884
formation,組成,8,8,8,0.0459,0.6886
invalidity,無效,8,8,8,0.0459,0.6753
legitimation,婚生地位的確立,7,2,2,0.0459,0.6288
Regional Council,區域市政局,8,8,8,0.0459,0.787
illegal,不合法,8,8,8,0.046,0.7566
non-payment,不支付,8,8,8,0.046,0.7505
chief,主問證據,8,8,8,0.046,0.4886
to a material extent,在很大程度上,8,8,8,0.046,0.7184
ground,土地,8,8,8,0.0461,0.7238
vexatious,無理纏擾,8,8,8,0.0461,0.7213
Post Secondary College,認可專上學院,8,2,2,0.0461,0.6913
civil servant,公務員,3,8,3,0.0461,0.665
null,無效,8,8,8,0.0462,0.6558
signify,示明,8,8,8,0.0462,0.682
in principle,原則上錯誤,4,2,2,0.0462,0.6975
liquid assets,速動資產,8,8,8,0.0463,0.7063
viva voce,口頭訊問,2,8,2,0.0464,0.682
irrelevant,不相干,8,8,8,0.0464,0.7106
unsaleable,不能出售,4,3,3,0.0464,0.6824
unresolved,問題屬全新的或懸而未決,4,3,3,0.0464,0.4201
adjudicate,判決,8,8,8,0.0465,0.7465
jeopardy,危害,5,8,5,0.0465,0.6858
single-sex,單性別機構,2,2,2,0.0466,0.6608
office-bearer,官員,8,8,8,0.0466,0.7232
District,地方行政區,8,8,8,0.0467,0.7026
master,主人,8,8,8,0.0468,0.5297
impartially,公正無私,5,3,3,0.0468,0.7005
utter,行使,2,8,2,0.047,0.4213
human,人類遺骸,8,8,8,0.047,0.6216
prejudicially,損害,8,8,8,0.047,0.6372
often,每遇情況需要時,8,2,2,0.047,0.5649
open court,以非公開聆訊方式進行,8,2,2,0.0471,0.6608
provost,首席副校長,5,6,5,0.0471,0.7083
vested,既得,8,8,8,0.0472,0.6686
Law Society of Hong Kong,香港律師會,8,8,8,0.0473,0.6331
rationale,理據,4,8,4,0.0473,0.6383
not practicable,並不切實可行,8,8,8,0.0473,0.7137
written up,提值,8,5,5,0.0473,0.5962
entitlement,享有權,8,8,8,0.0474,0.6099
in light of,因應,2,8,2,0.0474,0.6082
surplus,盈餘,8,8,8,0.0474,0.6794
wealth,財富來源,3,2,2,0.0474,0.7808
householder,户主,2,8,2,0.0475,0.6003
amalgamation,合組,8,8,8,0.0477,0.6082
royalty,使用費,8,8,8,0.0478,0.5267
expeditious,迅速,8,8,8,0.0478,0.6834
illegality,不合法,8,8,8,0.0478,0.7742
attain,年屆退休年齡,8,6,6,0.0479,0.5577
unanimous,一致,8,8,8,0.048,0.6149
in equity,在衡平法上,8,6,6,0.048,0.5785
postgraduate,全日制研究生,8,2,2,0.048,0.5485
multinational enterprise group,跨國企業集團,5,8,5,0.0481,0.7633
niche,骨殖龕位,8,2,2,0.0481,0.6165
gesture,姿勢及手勢,2,3,2,0.0481,0.6391
appellant,上訴人,8,8,8,0.0482,0.6971
note,票據,8,8,8,0.0482,0.6721
demarcated,劃出,8,8,8,0.0482,0.7689
suitable,合適,8,8,8,0.0482,0.7929
oral,口頭,8,8,8,0.0483,0.7325
contributory negligence,共分疏忽,2,2,2,0.0484,0.6369
preside,主持,8,8,8,0.0485,0.7882
bachelor,學士,8,8,8,0.0485,0.6889
on call,候命,8,2,2,0.0486,0.6969
law,法律,8,8,8,0.0487,0.6291
renounce,放棄,8,8,8,0.0487,0.7788
erosion,侵蝕稅基,3,8,3,0.0487,0.6774
indigenous villager,原居村民,3,3,3,0.0488,0.6979
falsify,揑改,6,8,6,0.0488,0.7758
tin fong wife,填房,6,6,6,0.0488,0.5961
tangible,實體,8,8,8,0.0489,0.5469
unwilling,不願意,8,8,8,0.0489,0.6792
written,成文,8,8,8,0.0489,0.7233
further evidence,進一步證據,8,8,8,0.0489,0.7478
sufficient,充分,8,8,8,0.049,0.6937
warrant,撥款令,8,3,3,0.049,0.5081
audited,經審計的帳目,8,8,8,0.0491,0.6357
comfort,權益、福利及舒適,8,2,2,0.0491,0.6099
site,用地,8,8,8,0.0491,0.7628
dispute,爭議中,8,8,8,0.0492,0.735
lis,案,8,8,8,0.0493,0.7567
censorship,審查,8,8,8,0.0493,0.6958
disturbed,受擾,8,3,3,0.0493,0.5644
historic,歷史意義,4,2,2,0.0494,0.6981
valuer,估值師,8,8,8,0.0494,0.6195
communicable,傳染病,8,8,8,0.0496,0.7667
dissent,不同意,8,8,8,0.0497,0.611
injustice,不公正的情況,8,5,5,0.0497,0.5884
Chief Bailiff,總執達主任,4,4,4,0.0497,0.7198
sinking fund,償債基金,3,4,3,0.0499,0.7122
non-executive,非執行董事,8,8,8,0.0499,0.7677
sine,無,3,8,3,0.05,0.5779
monument,古蹟,8,8,8,0.05,0.6842
specify,指明,8,8,8,0.05,0.7196
administer,主持,8,8,8,0.0503,0.68
unfair,不公平,8,8,8,0.0503,0.6315
commencement,生效日期,8,8,8,0.0503,0.7349
demurrer,抗訴,2,2,2,0.0503,0.4642
proficient,通曉,2,2,2,0.0503,0.5738
Chinese medicine or related product,中藥或相關產品,2,2,2,0.0504,0.7025
informally,透過簡便方式解決,5,3,3,0.0505,0.6575
admissible evidence,可接納的證據,8,8,8,0.0506,0.6852
insufficient evidence,沒有足夠證據,6,6,6,0.0506,0.4979
board of directors,董事局,8,8,8,0.0506,0.6512
ought,明知或理應知道,8,8,8,0.0507,0.7164
gainful,有報酬職業,7,2,2,0.0508,0.5172
High Contracting Party,締約方,8,8,8,0.0511,0.6945
adviser,稅務顧問,8,7,7,0.0513,0.7182
admiralty,海事,8,8,8,0.0514,0.6097
ineligible,無資格,8,8,8,0.0515,0.7928
investigating,調查人員,8,8,8,0.0515,0.7414
punctual,準時足額付款,8,8,8,0.0515,0.6713
Ministry of Finance,中華人民共和國財政部,3,2,2,0.0515,0.7467
as a matter of law,在法律上,2,8,2,0.0516,0.6931
exemplification,謄本,3,8,3,0.0516,0.6538
morality,公眾道德,8,2,2,0.0516,0.6347
opposing,反對遺囑的一方,8,2,2,0.0516,0.6312
insubordinate,不服從,2,8,2,0.0517,0.7369
well-founded,有充分理據支持,8,8,8,0.0517,0.5673
construct,興建,8,8,8,0.0518,0.7606
Honorary Treasurer,義務司庫,8,8,8,0.0518,0.7667
disaffection,離叛,2,3,2,0.0518,0.7047
vary,更改,8,8,8,0.052,0.608
pooled,匯集,8,8,8,0.052,0.6131
segregated,獨立帳戶,8,8,8,0.052,0.5959
Market Misconduct Tribunal,市場失當行為審裁處,8,8,8,0.0521,0.701
unfit,不合宜,8,4,4,0.0521,0.6223
as the context permits,在文意許可的情況下,8,8,8,0.0521,0.7598
Official Petitioner,法定呈請人,7,7,7,0.0521,0.6944
appurtenant,從屬,8,8,8,0.0522,0.7531
ought reasonably to have known,理應知道,8,8,8,0.0522,0.7833
hardship,困苦,8,8,8,0.0523,0.5816
"Hong Kong, China",中國香港,6,4,4,0.0523,0.7034
cruel,殘忍、不人道或有辱人格的待遇或處罰,4,2,2,0.0524,0.6874
misdemeanour,非重刑罪,2,3,2,0.0524,0.6437
negligently,因疏忽而,8,8,8,0.0524,0.6868
nexus,結合,2,8,2,0.0525,0.6048
non-contentious matter,非爭訟事宜,3,3,3,0.0525,0.7721
far,在切實可行範圍內,8,8,8,0.0525,0.6821
spoil,被損壞,2,6,2,0.0525,0.619
fit,合宜,8,8,8,0.0526,0.7432
conform,符合,8,8,8,0.0526,0.6295
jurisdictional,司法管轄權限,2,5,2,0.0526,0.5137
assessable income,應評稅入息,8,8,8,0.0528,0.7914
petitioner,呈請人,8,8,8,0.0528,0.7703
Chinese Temples Fund,華人廟宇基金,2,2,2,0.0528,0.7138
non-commissioned,非委任級人員,8,8,8,0.0528,0.7086
promulgation,公告,8,8,8,0.0528,0.592
collapse,整體或局部坍塌,8,4,4,0.053,0.744
unsatisfactory,並不穩妥或並不令人滿意,8,3,3,0.053,0.7734
imputed,估算,3,8,3,0.0531,0.5361
sewage,污水,8,8,8,0.0532,0.6815
translation,核證譯本,8,8,8,0.0532,0.7094
restructuring,重組,8,8,8,0.0532,0.6722
charity,慈善組織,8,8,8,0.0533,0.6781
dishonoured,不兌現的匯票,8,7,7,0.0533,0.6639
adjoin,鄰接土地,5,4,4,0.0534,0.5942
relevant,有關,8,8,8,0.0534,0.7327
membership,會籍,8,8,8,0.0534,0.7619
advisable,合宜,8,8,8,0.0535,0.8016
tamper with,干預,8,8,8,0.0535,0.7431
act,法,8,8,8,0.0536,0.5993
unwholesome,不衞生,6,8,6,0.0536,0.7304
General Assembly,大會,8,8,8,0.0536,0.5755
fairness,公正,8,8,8,0.0538,0.6769
sitting,聆訊,8,8,8,0.054,0.6898
formality,手續,7,8,7,0.0542,0.7651
Hong Kong Monetary Authority,香港金融管理局,8,8,8,0.0544,0.7902
indorser,背書人,8,8,8,0.0545,0.6895
abused,性侵犯,8,2,2,0.0546,0.6794
resign,辭職,8,8,8,0.0546,0.7484
summer,夏天休庭期間,8,2,2,0.0546,0.689
ascertainment,確定利潤,8,2,2,0.0547,0.5109
Committee,上訴委員會,8,8,8,0.0547,0.7117
in chambers,在內庭進行聆訊,8,8,8,0.055,0.7634
wedlock,婚姻,8,8,8,0.0551,0.6379
biosafety,生物安全資料交換所,8,3,3,0.0551,0.6758
re-determination,重新裁定,5,5,5,0.0551,0.7025
clearing-house,生物安全資料交換所,4,3,3,0.0552,0.5749
amending,修訂條例,8,8,8,0.0552,0.7636
size,大小,8,8,8,0.0552,0.808
Bar Association,大律師公會,8,8,8,0.0553,0.6724
expunge,取消,5,8,5,0.0553,0.6445
summer vacation,夏天休庭期間,7,2,2,0.0553,0.7141
reasonable,合理,8,8,8,0.0554,0.7437
litigant,訴訟人,8,8,8,0.0555,0.5928
majority,大多數,8,8,8,0.0555,0.7498
prima facie,確立表面證據,8,2,2,0.0555,0.5703
manifestly,明顯過重,8,2,2,0.0555,0.5133
Mainland,內地,8,8,8,0.0557,0.7465
non-pensionable,非可享退休金,5,3,3,0.0557,0.6902
assessable profits,應評稅利潤,8,8,8,0.0558,0.7508
alter,更改,8,8,8,0.0559,0.682
well-known,馳名商標,7,8,7,0.0561,0.6863
disposable,可動用收入,8,8,8,0.0562,0.7527
rule,裁定,8,8,8,0.0563,0.7053
Law Officer,民事法律專員,7,6,6,0.0564,0.6606
mutual,相互,8,8,8,0.0564,0.7364
traverse,拒認,5,8,5,0.0565,0.6232
belated,逾期,3,8,3,0.0565,0.6013
spiritual,精神上,8,8,8,0.0566,0.6826
non-appearance,不出庭,3,4,3,0.0567,0.6777
unsafe,不穩妥,8,4,4,0.0568,0.7235
desirous,希望,8,8,8,0.0569,0.6898
unopposed,不反對,8,8,8,0.0569,0.6362
unlawful,不合法,8,8,8,0.057,0.8226
transformation,轉基因事件編碼,8,4,4,0.057,0.5549
ill-treatment,虐待,4,8,4,0.057,0.744
High People’s Court,高級人民法院,4,3,3,0.057,0.6251
bona fide,善意,8,3,3,0.0571,0.5041
sit,聆訊,8,8,8,0.0573,0.7515
non-executive director,非執行董事,8,8,8,0.0575,0.7852
proposition of law,法律觀點,2,8,2,0.0576,0.6489
kim tiu marriage,兼祧婚姻,2,3,2,0.0577,0.6807
verified,核實副本,8,6,6,0.0577,0.6489
unless,除非,8,8,8,0.0578,0.774
unborn,尚未出生,6,3,3,0.0579,0.6169
crossed cheque,劃線支票,6,6,6,0.0579,0.7477
allegation,指稱,8,8,8,0.058,0.7349
contentious,爭訟事務,8,8,8,0.0582,0.7354
importance,重要性,8,8,8,0.0583,0.678
custom,習俗,8,8,8,0.0585,0.7188
mala fide,不真誠,3,8,3,0.0585,0.6725
irretrievably,無可挽救,4,3,3,0.0589,0.6198
irremediable injustice,無可補救的不公正情況,4,4,4,0.0591,0.4591
in whole or in part,全部或部分,8,8,8,0.0593,0.7699
Hong Kong Financial Reporting Standards,香港財務報告準則,7,8,7,0.0594,0.783
admissible,可接納,8,8,8,0.0597,0.7011
bench,法官,8,8,8,0.0599,0.6213
convenor,召集人,8,8,8,0.06,0.7638
kinship,親屬關係,2,6,2,0.06,0.5526
strengthen,鞏固工程,2,2,2,0.06,0.559
"College of Nursing, Hong Kong",香港護理學院,2,2,2,0.06,0.6242
adjudication,終審,8,8,8,0.0601,0.7038
probable,可能,8,8,8,0.0601,0.6673
pre-packed,經預先包裝,8,8,8,0.0601,0.6826
unlawfully,非法禁錮,8,8,8,0.0601,0.642
enact,制定,2,8,2,0.0603,0.6593
superior court,高級法院,8,8,8,0.0605,0.6604
pooling agreement,滙集協議,8,8,8,0.0605,0.6891
unidentifiable,並非可識辨,2,2,2,0.0607,0.5447
irregular,不符合規定,8,8,8,0.0608,0.7103
village,原有鄉村,8,2,2,0.061,0.595
excavation,挖掘,8,8,8,0.0611,0.7872
pre-amended,修訂前的條例,8,2,2,0.0614,0.7338
block exemption,集體豁免命令,8,8,8,0.0617,0.713
ancestor,直系祖先,4,3,3,0.0618,0.4743
preliminary,初步爭論點,8,8,8,0.0619,0.7339
disposable income,可動用收入,8,8,8,0.0624,0.8264
International Finance Corporation,國際金融公司,4,2,2,0.0627,0.7571
declaratory judgment or order,屬宣布性質的判決或命令,4,4,4,0.0628,0.7348
governing law,管限法律,4,7,4,0.0628,0.6803
non-profit making,非牟利,8,8,8,0.0629,0.6934
merging,合併銀行,8,8,8,0.0629,0.7541
in due course,在適當時間,8,7,7,0.0631,0.7195
illiterate,文盲,3,2,2,0.0631,0.5584
disprove,反證,8,8,8,0.0639,0.6833
annulment,廢止,8,8,8,0.0639,0.7409
genuineness,真實性,6,8,6,0.064,0.7329
apportion,分攤,8,8,8,0.0643,0.7215
foresight,預見,4,8,4,0.0644,0.441
inhuman,殘忍、不人道或有辱人格的待遇或處罰,2,2,2,0.0645,0.7242
expeditiously,在切實可行範圍內盡速,8,8,8,0.0645,0.7631
Financial Secretary Incorporated,財政司司長法團,8,8,8,0.0647,0.6952
ratify,批准,4,8,4,0.0647,0.6158
vice-chairman,副主席,8,8,8,0.0647,0.833
set up,確立反申索,8,2,2,0.0649,0.5299
scandalous,令人反感,8,8,8,0.065,0.6194
depute,委託,2,8,2,0.065,0.6043
SVF scheme,儲值支付工具計劃,6,6,6,0.0652,0.6683
block exemption order,集體豁免命令,8,8,8,0.0653,0.714
Food and Agriculture Organization,糧食及農業組織,2,2,2,0.0653,0.7511
Central,中心機關,8,2,2,0.0653,0.5808
Land Development Corporation,土發公司,3,3,3,0.0657,0.7063
adultery,通姦,8,8,8,0.0658,0.666
emolument,報酬,8,8,8,0.0659,0.6984
inequitable,不公平,8,8,8,0.0659,0.6434
sanctioned,附帶條款和解提議,8,8,8,0.0659,0.5789
presiding,主持聆訊成員,8,4,4,0.066,0.6111
charitable,慈善信託,8,8,8,0.0661,0.692
Director of Environmental Protection,環境保護署署長,8,8,8,0.0663,0.7797
Financial Action Task Force,財務行動特別組織,2,4,2,0.0665,0.6673
unleased land,未批租土地,8,8,8,0.0667,0.7169
investigable,可調查事宜,2,2,2,0.0668,0.6819
Chinese customary marriage,中國舊式婚姻,3,3,3,0.067,0.6848
tribunal,審裁小組,8,8,8,0.0675,0.7364
accountancy,會計團體,8,8,8,0.0676,0.7649
The World Health Organization,世界衞生組織,8,8,8,0.0677,0.7951
legend,圖例,8,8,8,0.0678,0.591
disregarded,不予理會,8,8,8,0.0679,0.6803
foreseeable,可預見,8,8,8,0.068,0.5243
bias,偏頗,4,7,4,0.0681,0.7195
inadvertence,不慎,8,8,8,0.0682,0.5971
ambiguous,含糊,3,8,3,0.0684,0.6262
unseemly,不當的舉止,5,5,5,0.0686,0.8013
contend,爭訟,7,8,7,0.0688,0.5496
godchild,誼子女,2,2,2,0.0689,0.6553
concubine,妾,8,8,8,0.0692,0.7537
Tribunal,打擊洗錢及恐怖分子資金籌集覆核審裁處,8,5,5,0.0692,0.6053
auditor,核數師,8,8,8,0.0694,0.6321
merits,缺乏充分理據,8,2,2,0.0694,0.6946
outflow,淨現金流出總額,8,8,8,0.0694,0.5066
half,半血親,8,8,8,0.0695,0.6226
extant,現存,2,8,2,0.0696,0.6268
vetting,審查,3,8,3,0.0697,0.6575
godparent,誼父母,2,2,2,0.0701,0.6499
interpret,詮釋,4,8,4,0.0701,0.6287
exempted,獲豁免人,8,8,8,0.0708,0.7453
excision,刪減,4,8,4,0.0709,0.6783
milestone,進度指標日期,5,4,4,0.0717,0.6241
Hong Kong War Memorial Pensions,香港太平洋戰爭紀念撫恤金,5,5,5,0.072,0.7715
Hong Kong Bar Association,香港大律師公會,8,8,8,0.0728,0.7243
financial eligibility limit,財務資格限額,3,3,3,0.0738,0.7497
allege,指稱,8,8,8,0.074,0.649
groundless,缺乏理據,8,4,4,0.0741,0.5905
covenant,隨土地轉移的契諾,8,2,2,0.0743,0.6589
Kimberley Process,金伯利進程,2,2,2,0.0757,0.6777
omit,略去,8,8,8,0.0757,0.5736
objection,反對理由,8,8,8,0.0759,0.616
legitimacy,合法性,8,8,8,0.0762,0.6671
consult,磋商,8,8,8,0.0775,0.7064
harass,騷擾,8,8,8,0.0775,0.7258
accountant,會計師,8,8,8,0.0795,0.636
stone,寶石,8,8,8,0.0808,0.639
matrimonial,婚姻,8,8,8,0.0809,0.8124
maladministration,行政失當,4,4,4,0.0825,0.7296
degrading,殘忍、不人道或有辱人格的待遇或處罰,2,2,2,0.0827,0.7105
unfairly,不公平地損害任何人,8,6,6,0.0829,0.7161
Chinese law and custom,中國法律與習俗,8,4,4,0.0852,0.7792
World Trade Organization Agreement,世界貿易組織協議,3,2,2,0.0853,0.7058
vilification,中傷,5,8,5,0.0858,0.5199
entity,實體,8,8,8,0.0859,0.7099
Mainland Anti-Unfair Competition Law,內地反不正當競爭法,3,3,3,0.0874,0.7086
justified,有充分理由支持,8,8,8,0.091,0.6855
notoriously,眾所周知的不良分子,3,3,3,0.0925,0.8252
incest,亂倫,2,2,2,0.0937,0.7778
contrary,相反,8,8,8,0.0963,0.8008
income and expenditure account,收支表,8,8,8,0.0996,0.7197
